state,municipality,register,COBRADE,population,deaths,injured,sick,displaced,homeless,disapeared,other affecteds,Year
RS,Áurea,05/05/2024,13214 - Tempestade Local/Convectiva - Chuvas Intensas,3665,0,0,0,0,0,0,3665,2024
RS,Aceguá,02/05/2024,13214 - Tempestade Local/Convectiva - Chuvas Intensas,4394,0,0,0,0,1,0,30,2024
RS,Agudo,04/05/2024,13214 - Tempestade Local/Convectiva - Chuvas Intensas,16729,0,1,9,100,27,0,15904,2024
RS,Agudo,18/01/2024,13215 - Tempestade Local/Convectiva - Vendaval,16729,0,0,0,0,0,0,16041,2024
RS,Ajuricaba,08/05/2024,13214 - Tempestade Local/Convectiva - Chuvas Intensas,7255,0,0,0,0,0,0,6720,2024
RS,Alecrim,07/05/2024,13214 - Tempestade Local/Convectiva - Chuvas Intensas,7045,0,0,0,0,10,0,500,2024
RS,Alegrete,04/05/2024,13214 - Tempestade Local/Convectiva - Chuvas Intensas,77673,0,0,0,214,296,0,690,2024
RS,Alegrete,18/04/2024,12100 - Inundações,77673,0,0,0,0,6,0,0,2024
RS,Alegria,06/05/2024,13214 - Tempestade Local/Convectiva - Chuvas Intensas,4301,0,0,0,0,0,0,4301,2024
RS,Alpestre,06/05/2024,13214 - Tempestade Local/Convectiva - Chuvas Intensas,8027,0,0,0,0,0,0,7117,2024
RS,Alto Alegre,03/05/2024,13214 - Tempestade Local/Convectiva - Chuvas Intensas,1848,0,0,0,0,20,0,1828,2024
RS,Alto Feliz,06/05/2024,12200 - Enxurradas,2908,0,0,0,20,0,0,3052,2024
RS,Alvorada,03/05/2024,12100 - Inundações,195718,0,5,2000,212,9802,0,183699,2024
RS,Amaral Ferrador,01/10/2024,13214 - Tempestade Local/Convectiva - Chuvas Intensas,6355,0,0,0,0,12,0,6343,2024
RS,Amaral Ferrador,06/05/2024,13214 - Tempestade Local/Convectiva - Chuvas Intensas,6355,0,0,0,0,4,0,6351,2024
RS,Ametista do Sul,03/05/2024,13214 - Tempestade Local/Convectiva - Chuvas Intensas,7323,0,0,0,0,4,0,7319,2024
RS,Ametista do Sul,26/03/2024,13214 - Tempestade Local/Convectiva - Chuvas Intensas,7323,0,0,0,0,0,0,2000,2024
RS,André da Rocha,04/05/2024,13214 - Tempestade Local/Convectiva - Chuvas Intensas,1216,0,0,0,0,6,0,0,2024
RS,Anta Gorda,03/05/2024,13214 - Tempestade Local/Convectiva - Chuvas Intensas,6073,0,0,0,30,50,0,6200,2024
RS,Anta Gorda,02/05/2024,12200 - Enxurradas,6073,0,0,0,30,50,0,6000,2024
RS,Antônio Prado,02/12/2024,13215 - Tempestade Local/Convectiva - Vendaval,12837,0,0,0,0,0,0,0,2024
RS,Antônio Prado,24/10/2024,13215 - Tempestade Local/Convectiva - Vendaval,12837,0,0,0,0,0,0,0,2024
RS,Antônio Prado,06/05/2024,13214 - Tempestade Local/Convectiva - Chuvas Intensas,12837,0,3,0,36,40,0,12758,2024
RS,Arambaré,04/12/2024,13215 - Tempestade Local/Convectiva - Vendaval,3693,0,0,0,0,0,0,850,2024
RS,Arambaré,26/09/2024,13214 - Tempestade Local/Convectiva - Chuvas Intensas,3693,0,0,0,8,150,0,0,2024
RS,Arambaré,08/05/2024,13214 - Tempestade Local/Convectiva - Chuvas Intensas,3693,0,0,0,80,480,0,0,2024
RS,Arambaré,26/03/2024,13215 - Tempestade Local/Convectiva - Vendaval,3693,0,0,0,0,50,0,0,2024
RS,Araricá,02/05/2024,13214 - Tempestade Local/Convectiva - Chuvas Intensas,4868,0,0,0,9,72,0,4800,2024
RS,Aratiba,05/05/2024,13214 - Tempestade Local/Convectiva - Chuvas Intensas,6568,0,0,0,0,10,0,140,2024
RS,Arroio do Meio,04/05/2024,13214 - Tempestade Local/Convectiva - Chuvas Intensas,18783,2,0,0,1000,12000,0,21996,2024
RS,Arroio do Meio,01/05/2024,13214 - Tempestade Local/Convectiva - Chuvas Intensas,18783,2,0,0,1000,12000,0,21966,2024
RS,Arroio do Meio,23/01/2024,13215 - Tempestade Local/Convectiva - Vendaval,18783,0,0,0,0,0,0,10000,2024
RS,Arroio do Padre,17/05/2024,13214 - Tempestade Local/Convectiva - Chuvas Intensas,2730,0,0,0,0,0,0,2000,2024
RS,Arroio do Tigre,02/12/2024,13215 - Tempestade Local/Convectiva - Vendaval,12648,0,40,0,0,0,0,13373,2024
RS,Arroio do Tigre,27/06/2024,13213 - Tempestade Local/Convectiva - Granizo,12648,0,0,0,0,110,0,2428,2024
RS,Arroio do Tigre,06/05/2024,13214 - Tempestade Local/Convectiva - Chuvas Intensas,12648,0,0,0,32,770,0,11256,2024
RS,Arroio dos Ratos,15/05/2024,13214 - Tempestade Local/Convectiva - Chuvas Intensas,13608,0,10,0,60,1800,0,0,2024
RS,Arroio Grande,18/12/2024,13111 - Ciclones - Ventos Costeiros (Mobilidade de Dunas),18469,0,0,0,0,10,0,30,2024
RS,Arroio Grande,24/06/2024,13214 - Tempestade Local/Convectiva - Chuvas Intensas,18469,0,0,0,75,24,0,4100,2024
RS,Arroio Grande,03/05/2024,13214 - Tempestade Local/Convectiva - Chuvas Intensas,18469,0,0,0,4,8,0,800,2024
RS,Arroio Grande,21/03/2024,13215 - Tempestade Local/Convectiva - Vendaval,18469,0,0,0,3,3,0,617,2024
RS,Arvorezinha,02/05/2024,13214 - Tempestade Local/Convectiva - Chuvas Intensas,10229,0,1,0,200,1000,1,3511,2024
RS,Augusto Pestana,06/05/2024,13214 - Tempestade Local/Convectiva - Chuvas Intensas,7097,0,0,0,0,0,0,7149,2024
RS,Bagé,14/05/2024,13214 - Tempestade Local/Convectiva - Chuvas Intensas,116792,0,0,0,0,0,0,116792,2024
RS,Balneário Pinhal,03/05/2024,13214 - Tempestade Local/Convectiva - Chuvas Intensas,10855,0,0,0,6,4036,0,0,2024
RS,Barão,06/05/2024,13214 - Tempestade Local/Convectiva - Chuvas Intensas,5742,0,0,0,0,81,0,0,2024
RS,Barão de Cotegipe,06/05/2024,13214 - Tempestade Local/Convectiva - Chuvas Intensas,6529,0,0,0,0,45,0,7099,2024
RS,Barão do Triunfo,08/05/2024,12200 - Enxurradas,7018,0,0,0,0,0,0,5889,2024
RS,Barra do Guarita,04/05/2024,13214 - Tempestade Local/Convectiva - Chuvas Intensas,3089,0,0,0,40,52,0,2997,2024
RS,Barra do Ribeiro,06/05/2024,13214 - Tempestade Local/Convectiva - Chuvas Intensas,12568,0,0,0,416,780,0,8200,2024
RS,Barra do Rio Azul,17/12/2024,13214 - Tempestade Local/Convectiva - Chuvas Intensas,2003,0,0,0,0,40,0,1696,2024
RS,Barra do Rio Azul,03/05/2024,13214 - Tempestade Local/Convectiva - Chuvas Intensas,2003,0,0,0,420,0,0,1276,2024
RS,Barra Funda,03/05/2024,13214 - Tempestade Local/Convectiva - Chuvas Intensas,2367,0,0,0,0,24,0,2526,2024
RS,Barracão,22/01/2024,13214 - Tempestade Local/Convectiva - Chuvas Intensas,5355,0,0,0,0,0,0,0,2024
RS,Barros Cassal,25/06/2024,13214 - Tempestade Local/Convectiva - Chuvas Intensas,11133,0,0,0,0,0,0,5047,2024
RS,Barros Cassal,02/05/2024,12200 - Enxurradas,11133,0,0,0,0,0,0,0,2024
RS,Barros Cassal,05/05/2024,13214 - Tempestade Local/Convectiva - Chuvas Intensas,11133,0,0,0,0,0,1,5047,2024
RS,Benjamin Constant do Sul,03/05/2024,13214 - Tempestade Local/Convectiva - Chuvas Intensas,2307,0,0,0,0,0,0,0,2024
RS,Bento Gonçalves,24/06/2024,13213 - Tempestade Local/Convectiva - Granizo,107341,0,0,0,0,0,0,65,2024
RS,Bento Gonçalves,24/06/2024,13214 - Tempestade Local/Convectiva - Chuvas Intensas,107341,0,0,0,0,0,0,0,2024
RS,Bento Gonçalves,03/05/2024,13214 - Tempestade Local/Convectiva - Chuvas Intensas,107341,4,64,0,104,600,8,0,2024
RS,Bento Gonçalves,23/01/2024,13215 - Tempestade Local/Convectiva - Vendaval,107341,0,0,0,0,0,0,0,2024
RS,Boa Vista das Missões,03/05/2024,13214 - Tempestade Local/Convectiva - Chuvas Intensas,2114,0,0,0,0,0,0,2114,2024
RS,Boa Vista do Buricá,02/01/2024,13215 - Tempestade Local/Convectiva - Vendaval,6576,0,0,0,0,6,0,6570,2024
RS,Boa Vista do Cadeado,11/05/2024,13214 - Tempestade Local/Convectiva - Chuvas Intensas,2441,0,0,0,0,0,0,2226,2024
RS,Boa Vista do Incra,07/05/2024,13214 - Tempestade Local/Convectiva - Chuvas Intensas,2425,0,0,0,0,0,0,486,2024
RS,Boa Vista do Sul,03/05/2024,13214 - Tempestade Local/Convectiva - Chuvas Intensas,2778,2,0,0,0,5,0,2772,2024
RS,Bom Jesus,10/05/2024,13214 - Tempestade Local/Convectiva - Chuvas Intensas,11556,0,0,0,20,25,0,3000,2024
RS,Bom Jesus,07/05/2024,13215 - Tempestade Local/Convectiva - Vendaval,11556,0,0,0,0,0,0,11309,2024
RS,Bom Princípio,03/05/2024,13214 - Tempestade Local/Convectiva - Chuvas Intensas,11792,1,0,0,171,468,0,63,2024
RS,Bom Progresso,09/05/2024,13214 - Tempestade Local/Convectiva - Chuvas Intensas,2328,0,0,0,0,0,0,2328,2024
RS,Bom Retiro do Sul,04/05/2024,13214 - Tempestade Local/Convectiva - Chuvas Intensas,11472,0,0,0,55,1400,0,2500,2024
RS,Boqueirão do Leão,02/05/2024,13214 - Tempestade Local/Convectiva - Chuvas Intensas,7673,0,0,0,0,114,0,0,2024
RS,Boqueirão do Leão,20/02/2024,13214 - Tempestade Local/Convectiva - Chuvas Intensas,7673,0,0,0,0,32,0,2339,2024
RS,Bossoroca,17/05/2024,13214 - Tempestade Local/Convectiva - Chuvas Intensas,6887,0,0,0,0,0,0,6887,2024
RS,Bozano,10/05/2024,13214 - Tempestade Local/Convectiva - Chuvas Intensas,2200,0,0,0,0,0,0,2200,2024
RS,Braga,07/05/2024,13214 - Tempestade Local/Convectiva - Chuvas Intensas,3702,0,0,0,0,120,0,3148,2024
RS,Brochier,24/10/2024,13215 - Tempestade Local/Convectiva - Vendaval,4677,0,0,0,0,0,0,0,2024
RS,Brochier,06/05/2024,13214 - Tempestade Local/Convectiva - Chuvas Intensas,4677,0,0,0,3,100,0,4863,2024
RS,Brochier,30/04/2024,12100 - Inundações,4677,0,0,0,0,5,0,0,2024
RS,Brochier,22/03/2024,13215 - Tempestade Local/Convectiva - Vendaval,4677,0,0,0,0,0,0,0,2024
RS,Butiá,02/05/2024,13214 - Tempestade Local/Convectiva - Chuvas Intensas,20405,0,0,0,50,50,0,1000,2024
RS,Butiá,30/04/2024,13214 - Tempestade Local/Convectiva - Chuvas Intensas,20405,0,0,0,0,0,0,1000,2024
RS,Cândido Godói,26/09/2024,13215 - Tempestade Local/Convectiva - Vendaval,6535,0,0,0,0,0,0,0,2024
RS,Cândido Godói,06/05/2024,13214 - Tempestade Local/Convectiva - Chuvas Intensas,6535,0,0,0,0,0,0,6294,2024
RS,Caçapava do Sul,02/05/2024,13214 - Tempestade Local/Convectiva - Chuvas Intensas,33700,0,0,0,0,0,0,0,2024
RS,Cacequi,07/05/2024,13214 - Tempestade Local/Convectiva - Chuvas Intensas,13685,0,0,0,16,107,0,11034,2024
RS,Cacequi,18/04/2024,13214 - Tempestade Local/Convectiva - Chuvas Intensas,13685,0,0,0,0,0,0,2404,2024
RS,Cachoeira do Sul,28/06/2024,13214 - Tempestade Local/Convectiva - Chuvas Intensas,83827,0,0,0,50,76,2,83701,2024
RS,Cachoeira do Sul,06/05/2024,13214 - Tempestade Local/Convectiva - Chuvas Intensas,83827,0,15,7,372,2446,0,80987,2024
RS,Cachoeirinha,07/05/2024,13214 - Tempestade Local/Convectiva - Chuvas Intensas,118294,0,0,0,1853,3016,0,131389,2024
RS,Cachoeirinha,21/01/2024,13215 - Tempestade Local/Convectiva - Vendaval,118294,1,80,0,160,300,0,135459,2024
RS,Cacique Doble,06/05/2024,13214 - Tempestade Local/Convectiva - Chuvas Intensas,4865,0,0,0,10,10,0,4583,2024
RS,Cacique Doble,04/01/2024,13215 - Tempestade Local/Convectiva - Vendaval,4865,0,0,0,0,0,0,0,2024
RS,Caiçara,03/05/2024,13214 - Tempestade Local/Convectiva - Chuvas Intensas,5071,0,0,0,0,0,0,5071,2024
RS,Caibaté,28/05/2024,13214 - Tempestade Local/Convectiva - Chuvas Intensas,4954,0,0,0,0,0,0,4704,2024
RS,Camaquã,25/09/2024,13214 - Tempestade Local/Convectiva - Chuvas Intensas,62759,0,0,0,0,60,0,62699,2024
RS,Camaquã,06/05/2024,13214 - Tempestade Local/Convectiva - Chuvas Intensas,62759,0,0,0,0,0,0,1000,2024
RS,Camaquã,04/03/2024,12300 - Alagamentos,62759,0,0,0,0,0,0,109,2024
RS,Camargo,30/12/2024,13215 - Tempestade Local/Convectiva - Vendaval,2591,0,0,0,0,0,0,0,2024
RS,Camargo,05/05/2024,13214 - Tempestade Local/Convectiva - Chuvas Intensas,2591,0,0,0,0,0,0,2981,2024
RS,Cambará do Sul,13/05/2024,13215 - Tempestade Local/Convectiva - Vendaval,6545,0,0,0,0,4,0,299,2024
RS,Campestre da Serra,05/05/2024,12200 - Enxurradas,3247,0,0,0,0,0,0,350,2024
RS,Campina das Missões,06/05/2024,13214 - Tempestade Local/Convectiva - Chuvas Intensas,6117,0,0,0,0,0,0,5882,2024
RS,Campinas do Sul,04/05/2024,13214 - Tempestade Local/Convectiva - Chuvas Intensas,5509,0,0,0,0,3,0,5281,2024
RS,Campo Bom,07/05/2024,13214 - Tempestade Local/Convectiva - Chuvas Intensas,60081,0,0,0,280,3200,0,6120,2024
RS,Campo Novo,05/06/2024,13214 - Tempestade Local/Convectiva - Chuvas Intensas,5459,0,0,0,0,0,0,1200,2024
RS,Campos Borges,02/05/2024,13214 - Tempestade Local/Convectiva - Chuvas Intensas,3494,0,0,0,0,30,0,0,2024
RS,Campos Borges,21/03/2024,13215 - Tempestade Local/Convectiva - Vendaval,3494,0,0,0,0,0,0,0,2024
RS,Candelária,02/05/2024,13214 - Tempestade Local/Convectiva - Chuvas Intensas,30176,1,7,25,500,800,120,23000,2024
RS,Candelária,22/01/2024,13215 - Tempestade Local/Convectiva - Vendaval,30176,0,0,0,0,0,0,0,2024
RS,Candiota,10/12/2024,13215 - Tempestade Local/Convectiva - Vendaval,8776,0,0,0,0,0,0,480,2024
RS,Candiota,01/10/2024,13214 - Tempestade Local/Convectiva - Chuvas Intensas,8776,0,0,0,0,0,0,160,2024
RS,Candiota,07/05/2024,13214 - Tempestade Local/Convectiva - Chuvas Intensas,8776,0,0,0,0,0,0,10710,2024
RS,Candiota,17/01/2024,13215 - Tempestade Local/Convectiva - Vendaval,8776,0,0,0,0,0,0,160,2024
RS,Canela,07/05/2024,13214 - Tempestade Local/Convectiva - Chuvas Intensas,39238,2,7,5,235,402,0,45000,2024
RS,Canela,03/05/2024,11321 - Deslizamentos,39238,2,7,5,235,402,0,45000,2024
RS,Canela,23/01/2024,13215 - Tempestade Local/Convectiva - Vendaval,39238,0,0,0,11,0,0,39227,2024
RS,Canguçu,27/09/2024,13214 - Tempestade Local/Convectiva - Chuvas Intensas,53268,0,0,0,0,4,0,21284,2024
RS,Canguçu,23/09/2024,13213 - Tempestade Local/Convectiva - Granizo,53268,0,0,0,0,0,0,0,2024
RS,Canguçu,06/05/2024,13214 - Tempestade Local/Convectiva - Chuvas Intensas,53268,0,0,0,0,0,0,21284,2024
RS,Canguçu,21/03/2024,13215 - Tempestade Local/Convectiva - Vendaval,53268,0,0,0,0,0,0,49680,2024
RS,Canguçu,01/03/2024,12200 - Enxurradas,53268,0,0,0,0,0,0,0,2024
RS,Canoas,01/11/2024,13214 - Tempestade Local/Convectiva - Chuvas Intensas,324025,0,0,0,3341,0,0,8180,2024
RS,Canoas,08/05/2024,13214 - Tempestade Local/Convectiva - Chuvas Intensas,324025,0,0,0,0,0,0,0,2024
RS,Canoas,08/05/2024,13214 - Tempestade Local/Convectiva - Chuvas Intensas,324025,2,372,0,22000,157512,114,0,2024
RS,Canoas,19/01/2024,13215 - Tempestade Local/Convectiva - Vendaval,324025,0,0,0,16,6036,0,6052,2024
RS,Canudos do Vale,05/05/2024,13214 - Tempestade Local/Convectiva - Chuvas Intensas,1807,0,0,0,0,34,0,1622,2024
RS,Capão Bonito do Sul,06/05/2024,13214 - Tempestade Local/Convectiva - Chuvas Intensas,1753,0,0,0,0,0,0,1753,2024
RS,Capão do Cipó,17/05/2024,13214 - Tempestade Local/Convectiva - Chuvas Intensas,3107,0,0,0,0,0,0,3699,2024
RS,Capão do Cipó,16/04/2024,13214 - Tempestade Local/Convectiva - Chuvas Intensas,3107,0,0,0,0,0,0,3699,2024
RS,Capão do Leão,10/05/2024,13214 - Tempestade Local/Convectiva - Chuvas Intensas,24294,0,0,0,0,0,0,7500,2024
RS,Capão do Leão,28/03/2024,13215 - Tempestade Local/Convectiva - Vendaval,24294,0,0,0,0,0,0,24000,2024
RS,Capela de Santana,03/05/2024,12300 - Alagamentos,11613,0,0,0,50,100,0,0,2024
RS,Capitão,06/05/2024,13214 - Tempestade Local/Convectiva - Chuvas Intensas,2636,2,15,0,32,106,0,2789,2024
RS,Capivari do Sul,07/05/2024,13214 - Tempestade Local/Convectiva - Chuvas Intensas,3890,0,0,0,0,7,0,0,2024
RS,Caraá,08/05/2024,13214 - Tempestade Local/Convectiva - Chuvas Intensas,7313,0,0,0,0,22,0,7291,2024
RS,Caraá,06/05/2024,13214 - Tempestade Local/Convectiva - Chuvas Intensas,7313,0,0,0,0,22,0,7291,2024
RS,Carazinho,08/10/2024,13213 - Tempestade Local/Convectiva - Granizo,59301,0,0,0,0,0,0,4200,2024
RS,Carlos Barbosa,29/04/2024,12200 - Enxurradas,25193,0,3,0,60,0,0,0,2024
RS,Carlos Barbosa,03/05/2024,13214 - Tempestade Local/Convectiva - Chuvas Intensas,25193,0,0,0,73,0,0,0,2024
RS,Carlos Gomes,06/05/2024,13214 - Tempestade Local/Convectiva - Chuvas Intensas,1607,0,0,0,0,0,0,1355,2024
RS,Casca,07/05/2024,13214 - Tempestade Local/Convectiva - Chuvas Intensas,8648,0,0,0,0,0,0,3500,2024
RS,Catuípe,07/05/2024,13214 - Tempestade Local/Convectiva - Chuvas Intensas,9323,0,0,0,0,0,0,9323,2024
RS,Caxias do Sul,06/05/2024,13214 - Tempestade Local/Convectiva - Chuvas Intensas,435482,5,0,0,44,760,6,434667,2024
RS,Centenário,06/05/2024,13214 - Tempestade Local/Convectiva - Chuvas Intensas,2967,0,0,0,0,0,0,2967,2024
RS,Centenário,22/01/2024,13214 - Tempestade Local/Convectiva - Chuvas Intensas,2967,0,0,0,0,0,0,2967,2024
RS,Cerrito,07/05/2024,13214 - Tempestade Local/Convectiva - Chuvas Intensas,6404,0,0,0,0,0,0,2000,2024
RS,Cerrito,21/03/2024,13215 - Tempestade Local/Convectiva - Vendaval,6404,0,1,0,0,600,0,0,2024
RS,Cerro Branco,03/05/2024,13214 - Tempestade Local/Convectiva - Chuvas Intensas,4454,0,0,0,100,200,0,3500,2024
RS,Cerro Branco,09/04/2024,13214 - Tempestade Local/Convectiva - Chuvas Intensas,4454,0,0,0,0,0,0,0,2024
RS,Cerro Branco,19/01/2024,13215 - Tempestade Local/Convectiva - Vendaval,4454,0,0,0,0,0,0,3802,2024
RS,Cerro Grande,03/05/2024,13214 - Tempestade Local/Convectiva - Chuvas Intensas,2417,0,0,0,0,0,0,2417,2024
RS,Cerro Grande,21/03/2024,13214 - Tempestade Local/Convectiva - Chuvas Intensas,2417,0,0,0,0,0,0,150,2024
RS,Cerro Grande do Sul,09/05/2024,12200 - Enxurradas,10280,0,0,0,103,150,0,1000,2024
RS,Cerro Grande do Sul,03/05/2024,12300 - Alagamentos,10280,0,0,0,0,25,0,1000,2024
RS,Cerro Largo,08/05/2024,13214 - Tempestade Local/Convectiva - Chuvas Intensas,13289,0,0,0,0,0,0,13705,2024
RS,Cerro Largo,03/01/2024,13215 - Tempestade Local/Convectiva - Vendaval,13289,0,0,0,0,0,0,300,2024
RS,Chapada,05/05/2024,13214 - Tempestade Local/Convectiva - Chuvas Intensas,9377,0,0,0,0,3,0,9475,2024
RS,Charqueadas,03/05/2024,13214 - Tempestade Local/Convectiva - Chuvas Intensas,35363,0,0,0,615,6300,0,0,2024
RS,Charrua,20/01/2024,13214 - Tempestade Local/Convectiva - Chuvas Intensas,3471,0,0,0,0,0,0,2768,2024
RS,Charrua,11/01/2024,13215 - Tempestade Local/Convectiva - Vendaval,3471,0,0,0,0,0,0,200,2024
RS,Chiapetta,04/05/2024,13214 - Tempestade Local/Convectiva - Chuvas Intensas,4044,0,0,0,0,0,0,4044,2024
RS,Chuí,27/05/2024,13214 - Tempestade Local/Convectiva - Chuvas Intensas,5919,0,0,0,0,34,0,6228,2024
RS,Chuvisca,09/12/2024,13215 - Tempestade Local/Convectiva - Vendaval,4944,0,3,0,0,60,0,437,2024
RS,Chuvisca,15/05/2024,13214 - Tempestade Local/Convectiva - Chuvas Intensas,4944,0,0,0,0,0,0,4944,2024
RS,Cidreira,07/05/2024,12300 - Alagamentos,12654,0,0,0,0,3200,0,0,2024
RS,Ciríaco,03/12/2024,13215 - Tempestade Local/Convectiva - Vendaval,4922,0,0,0,0,0,0,0,2024
RS,Ciríaco,25/10/2024,13215 - Tempestade Local/Convectiva - Vendaval,4922,0,0,0,0,0,0,100,2024
RS,Ciríaco,14/05/2024,13211 - Tempestade Local/Convectiva - Tornados,4922,0,0,0,0,1,0,100,2024
RS,Ciríaco,03/05/2024,13214 - Tempestade Local/Convectiva - Chuvas Intensas,4922,0,0,0,0,0,0,4149,2024
RS,Colinas,03/05/2024,13214 - Tempestade Local/Convectiva - Chuvas Intensas,2420,0,80,200,200,1150,0,1030,2024
RS,Colinas,18/01/2024,13215 - Tempestade Local/Convectiva - Vendaval,2420,0,0,0,0,0,0,2420,2024
RS,Colinas,18/01/2024,13215 - Tempestade Local/Convectiva - Vendaval,2420,0,0,0,0,0,0,2420,2024
RS,Colorado,06/05/2024,13214 - Tempestade Local/Convectiva - Chuvas Intensas,3550,0,0,0,0,2,0,3548,2024
RS,Colorado,06/05/2024,12300 - Alagamentos,3550,0,0,0,0,2,0,0,2024
RS,Condor,07/05/2024,13214 - Tempestade Local/Convectiva - Chuvas Intensas,6552,0,0,0,0,40,0,6460,2024
RS,Constantina,04/05/2024,13214 - Tempestade Local/Convectiva - Chuvas Intensas,9741,0,0,0,72,45,0,9624,2024
RS,Coqueiro Baixo,07/05/2024,13214 - Tempestade Local/Convectiva - Chuvas Intensas,1528,0,0,0,1,10,0,1279,2024
RS,Coronel Barros,29/05/2024,13214 - Tempestade Local/Convectiva - Chuvas Intensas,2459,0,0,0,0,10,0,2812,2024
RS,Coronel Bicaco,03/05/2024,13214 - Tempestade Local/Convectiva - Chuvas Intensas,7748,0,0,0,0,8,0,7740,2024
RS,Coronel Pilar,04/05/2024,13214 - Tempestade Local/Convectiva - Chuvas Intensas,1725,0,0,0,70,20,0,1300,2024
RS,Coronel Pilar,30/04/2024,11321 - Deslizamentos,1725,0,0,0,0,10,0,0,2024
RS,Cotiporã,12/05/2024,13214 - Tempestade Local/Convectiva - Chuvas Intensas,3917,1,0,0,70,160,0,3686,2024
RS,Coxilha,06/11/2024,13213 - Tempestade Local/Convectiva - Granizo,2826,0,0,0,0,0,0,150,2024
RS,Coxilha,16/05/2024,13214 - Tempestade Local/Convectiva - Chuvas Intensas,2826,0,0,0,0,0,0,200,2024
RS,Crissiumal,07/05/2024,13214 - Tempestade Local/Convectiva - Chuvas Intensas,14085,0,0,0,0,0,0,14085,2024
RS,Cristal,24/09/2024,13214 - Tempestade Local/Convectiva - Chuvas Intensas,7280,0,0,0,0,0,0,1200,2024
RS,Cristal,30/04/2024,13214 - Tempestade Local/Convectiva - Chuvas Intensas,7280,0,0,0,0,144,0,0,2024
RS,Cristal do Sul,04/05/2024,13214 - Tempestade Local/Convectiva - Chuvas Intensas,2826,0,0,0,8,4,0,2814,2024
RS,Cruz Alta,21/06/2024,13214 - Tempestade Local/Convectiva - Chuvas Intensas,62825,0,0,0,0,0,0,200,2024
RS,Cruz Alta,02/05/2024,13214 - Tempestade Local/Convectiva - Chuvas Intensas,62825,0,0,0,0,0,0,58913,2024
RS,Cruz Alta,04/04/2024,13215 - Tempestade Local/Convectiva - Vendaval,62825,0,0,0,0,0,0,6,2024
RS,Cruz Alta,21/03/2024,13215 - Tempestade Local/Convectiva - Vendaval,62825,0,0,0,0,0,0,112,2024
RS,Cruzaltense,02/05/2024,13214 - Tempestade Local/Convectiva - Chuvas Intensas,2141,0,0,0,0,0,0,1635,2024
RS,Cruzeiro do Sul,01/05/2024,13214 - Tempestade Local/Convectiva - Chuvas Intensas,12331,3,0,0,800,2987,0,12331,2024
RS,Cruzeiro do Sul,18/01/2024,13215 - Tempestade Local/Convectiva - Vendaval,12331,0,0,0,0,12,0,12319,2024
RS,David Canabarro,07/05/2024,13214 - Tempestade Local/Convectiva - Chuvas Intensas,4683,0,0,0,0,0,0,4863,2024
RS,David Canabarro,20/04/2024,13214 - Tempestade Local/Convectiva - Chuvas Intensas,4683,0,0,0,0,0,0,1728,2024
RS,Derrubadas,07/05/2024,13214 - Tempestade Local/Convectiva - Chuvas Intensas,3190,0,0,0,0,12,0,2739,2024
RS,Dezesseis de Novembro,06/05/2024,13214 - Tempestade Local/Convectiva - Chuvas Intensas,2866,0,0,0,0,0,0,0,2024
RS,Dezesseis de Novembro,25/01/2024,13214 - Tempestade Local/Convectiva - Chuvas Intensas,2866,0,0,0,0,0,0,2507,2024
RS,Dezesseis de Novembro,05/01/2024,13215 - Tempestade Local/Convectiva - Vendaval,2866,0,0,0,0,2,0,76,2024
RS,Dilermando de Aguiar,01/05/2024,13214 - Tempestade Local/Convectiva - Chuvas Intensas,3064,0,0,0,0,64,0,3000,2024
RS,Dilermando de Aguiar,25/03/2024,13214 - Tempestade Local/Convectiva - Chuvas Intensas,3064,0,0,0,0,0,0,0,2024
RS,Dilermando de Aguiar,26/01/2024,13214 - Tempestade Local/Convectiva - Chuvas Intensas,3064,0,0,0,0,0,0,2,2024
RS,Dois Irmãos,07/05/2024,13214 - Tempestade Local/Convectiva - Chuvas Intensas,27572,0,0,0,0,60,0,0,2024
RS,Dois Irmãos das Missões,03/05/2024,13214 - Tempestade Local/Convectiva - Chuvas Intensas,2157,0,0,0,0,12,0,2145,2024
RS,Dois Lajeados,03/05/2024,13214 - Tempestade Local/Convectiva - Chuvas Intensas,3280,0,0,0,39,0,0,0,2024
RS,Dom Feliciano,07/05/2024,13214 - Tempestade Local/Convectiva - Chuvas Intensas,14380,0,0,0,0,120,0,0,2024
RS,Dom Pedrito,08/10/2024,13214 - Tempestade Local/Convectiva - Chuvas Intensas,38916,0,0,0,49,520,0,2731,2024
RS,Dom Pedrito,13/05/2024,13214 - Tempestade Local/Convectiva - Chuvas Intensas,38916,0,0,0,0,0,0,1930,2024
RS,Dom Pedro de Alcântara,29/10/2024,13215 - Tempestade Local/Convectiva - Vendaval,2550,0,0,0,0,0,0,0,2024
RS,Dom Pedro de Alcântara,09/05/2024,12100 - Inundações,2550,0,0,0,0,0,0,18,2024
RS,Dona Francisca,03/05/2024,13214 - Tempestade Local/Convectiva - Chuvas Intensas,3401,0,0,0,80,150,0,3171,2024
RS,Doutor Maurício Cardoso,29/11/2024,13214 - Tempestade Local/Convectiva - Chuvas Intensas,5313,0,0,0,0,0,0,4470,2024
RS,Doutor Maurício Cardoso,07/05/2024,13214 - Tempestade Local/Convectiva - Chuvas Intensas,5313,0,0,0,0,0,0,4470,2024
RS,Doutor Ricardo,24/05/2024,13214 - Tempestade Local/Convectiva - Chuvas Intensas,2030,0,0,0,50,200,0,1638,2024
RS,Doutor Ricardo,24/05/2024,13214 - Tempestade Local/Convectiva - Chuvas Intensas,2030,0,0,0,50,200,0,1638,2024
RS,Doutor Ricardo,05/05/2024,13214 - Tempestade Local/Convectiva - Chuvas Intensas,2030,0,0,0,50,200,0,1638,2024
RS,Eldorado do Sul,06/05/2024,13214 - Tempestade Local/Convectiva - Chuvas Intensas,34335,0,0,0,6000,20000,300,13259,2024
RS,Eldorado do Sul,27/03/2024,13215 - Tempestade Local/Convectiva - Vendaval,34335,0,0,0,0,0,0,640,2024
RS,Eldorado do Sul,18/01/2024,13214 - Tempestade Local/Convectiva - Chuvas Intensas,34335,0,0,0,16,160,0,2048,2024
RS,Encantado,04/05/2024,13214 - Tempestade Local/Convectiva - Chuvas Intensas,20514,1,12,0,726,923,2,21298,2024
RS,Encruzilhada do Sul,06/05/2024,13214 - Tempestade Local/Convectiva - Chuvas Intensas,24537,0,0,0,0,15,0,7000,2024
RS,Engenho Velho,03/05/2024,13214 - Tempestade Local/Convectiva - Chuvas Intensas,1530,0,0,0,15,15,0,1500,2024
RS,Engenho Velho,21/03/2024,13215 - Tempestade Local/Convectiva - Vendaval,1530,0,0,0,0,0,0,60,2024
RS,Engenho Velho,25/01/2024,12200 - Enxurradas,1530,0,0,0,0,0,0,600,2024
RS,Entre Rios do Sul,03/05/2024,13214 - Tempestade Local/Convectiva - Chuvas Intensas,3080,0,0,0,0,12,0,3068,2024
RS,Entre-Ijuís,16/05/2024,13214 - Tempestade Local/Convectiva - Chuvas Intensas,8938,0,0,0,0,60,0,9098,2024
RS,Erebango,24/06/2024,13214 - Tempestade Local/Convectiva - Chuvas Intensas,2970,0,0,0,0,0,0,3054,2024
RS,Erebango,06/05/2024,13214 - Tempestade Local/Convectiva - Chuvas Intensas,2970,0,0,0,0,0,0,3054,2024
RS,Erechim,29/10/2024,13215 - Tempestade Local/Convectiva - Vendaval,96105,0,2,0,0,0,0,0,2024
RS,Erechim,03/05/2024,13214 - Tempestade Local/Convectiva - Chuvas Intensas,96105,0,2,0,0,52,0,0,2024
RS,Erechim,16/03/2024,13214 - Tempestade Local/Convectiva - Chuvas Intensas,96105,0,0,0,0,0,0,300,2024
RS,Erechim,16/03/2024,13215 - Tempestade Local/Convectiva - Vendaval,96105,0,0,0,0,0,0,0,2024
RS,Erval Grande,03/05/2024,13214 - Tempestade Local/Convectiva - Chuvas Intensas,5167,0,0,0,4,0,0,5163,2024
RS,Erval Seco,03/05/2024,13214 - Tempestade Local/Convectiva - Chuvas Intensas,7878,0,0,0,0,0,0,7878,2024
RS,Esmeralda,10/05/2024,13214 - Tempestade Local/Convectiva - Chuvas Intensas,3169,0,0,0,0,0,0,40,2024
RS,Esperança do Sul,15/05/2024,13214 - Tempestade Local/Convectiva - Chuvas Intensas,3272,0,0,0,0,0,0,3272,2024
RS,Espumoso,28/09/2024,13213 - Tempestade Local/Convectiva - Granizo,15240,0,0,0,0,0,0,0,2024
RS,Espumoso,03/05/2024,13214 - Tempestade Local/Convectiva - Chuvas Intensas,15240,0,0,0,48,800,0,14325,2024
RS,Espumoso,27/03/2024,13215 - Tempestade Local/Convectiva - Vendaval,15240,0,0,0,8,8,0,15157,2024
RS,Estância Velha,09/05/2024,13214 - Tempestade Local/Convectiva - Chuvas Intensas,42589,0,0,0,0,0,0,12,2024
RS,Estância Velha,09/05/2024,13214 - Tempestade Local/Convectiva - Chuvas Intensas,42589,0,0,0,0,0,0,0,2024
RS,Estância Velha,08/05/2024,13214 - Tempestade Local/Convectiva - Chuvas Intensas,42589,0,0,0,0,0,0,12,2024
RS,Estação,03/05/2024,13214 - Tempestade Local/Convectiva - Chuvas Intensas,6011,0,0,0,0,0,0,5517,2024
RS,Esteio,18/05/2024,12100 - Inundações,80669,0,0,0,1061,10000,0,65076,2024
RS,Esteio,02/05/2024,12200 - Enxurradas,80669,0,0,0,419,2000,0,10000,2024
RS,Esteio,18/01/2024,13212 - Tempestade Local/Convectiva - Tempestade de Raios,80669,0,0,0,0,0,0,0,2024
RS,Estrela,03/05/2024,12100 - Inundações,30628,0,0,0,1100,4000,0,32183,2024
RS,Estrela,18/01/2024,13215 - Tempestade Local/Convectiva - Vendaval,30628,0,0,0,0,0,0,2716,2024
RS,Estrela Velha,06/05/2024,13214 - Tempestade Local/Convectiva - Chuvas Intensas,3628,0,0,0,14,32,0,3024,2024
RS,Eugênio de Castro,06/05/2024,13214 - Tempestade Local/Convectiva - Chuvas Intensas,2797,0,0,0,0,16,0,0,2024
RS,Fagundes Varela,04/05/2024,13214 - Tempestade Local/Convectiva - Chuvas Intensas,2579,0,0,0,0,5,0,150,2024
RS,Farroupilha,03/05/2024,13214 - Tempestade Local/Convectiva - Chuvas Intensas,63641,0,0,0,0,111,0,0,2024
RS,Faxinal do Soturno,26/09/2024,13213 - Tempestade Local/Convectiva - Granizo,6672,0,0,0,0,0,0,515,2024
RS,Faxinal do Soturno,30/04/2024,13214 - Tempestade Local/Convectiva - Chuvas Intensas,6672,0,0,0,43,320,0,6309,2024
RS,Faxinal do Soturno,22/03/2024,13215 - Tempestade Local/Convectiva - Vendaval,6672,0,0,0,0,0,0,0,2024
RS,Faxinal do Soturno,28/02/2024,13214 - Tempestade Local/Convectiva - Chuvas Intensas,6672,0,0,0,0,0,0,0,2024
RS,Faxinalzinho,03/05/2024,13214 - Tempestade Local/Convectiva - Chuvas Intensas,2567,0,0,0,0,12,0,2555,2024
RS,Fazenda Vilanova,07/05/2024,13214 - Tempestade Local/Convectiva - Chuvas Intensas,3697,0,0,0,0,0,0,4291,2024
RS,Feliz,19/12/2024,13214 - Tempestade Local/Convectiva - Chuvas Intensas,12359,0,0,350,0,40,0,4980,2024
RS,Feliz,28/11/2024,13214 - Tempestade Local/Convectiva - Chuvas Intensas,12359,0,0,350,0,40,0,5370,2024
RS,Feliz,03/05/2024,13214 - Tempestade Local/Convectiva - Chuvas Intensas,12359,0,0,0,80,1200,0,12484,2024
RS,Feliz,03/05/2024,13214 - Tempestade Local/Convectiva - Chuvas Intensas,12359,0,0,0,0,0,0,0,2024
RS,Flores da Cunha,25/06/2024,13213 - Tempestade Local/Convectiva - Granizo,27135,0,0,0,0,0,0,0,2024
RS,Flores da Cunha,03/05/2024,13214 - Tempestade Local/Convectiva - Chuvas Intensas,27135,0,0,0,12,80,0,30800,2024
RS,Flores da Cunha,03/01/2024,13213 - Tempestade Local/Convectiva - Granizo,27135,0,0,0,0,0,0,0,2024
RS,Floriano Peixoto,09/05/2024,13214 - Tempestade Local/Convectiva - Chuvas Intensas,2018,0,0,0,0,0,0,1668,2024
RS,Fontoura Xavier,02/05/2024,13214 - Tempestade Local/Convectiva - Chuvas Intensas,10712,1,91,62,23,400,0,6731,2024
RS,Formigueiro,03/05/2024,13214 - Tempestade Local/Convectiva - Chuvas Intensas,7014,0,0,0,0,9,0,6404,2024
RS,Forquetinha,07/05/2024,12200 - Enxurradas,2473,2,8,0,0,189,0,1023,2024
RS,Fortaleza dos Valos,06/05/2024,13214 - Tempestade Local/Convectiva - Chuvas Intensas,4577,0,0,0,0,0,0,4577,2024
RS,Fortaleza dos Valos,02/04/2024,13215 - Tempestade Local/Convectiva - Vendaval,4577,0,0,0,0,0,0,0,2024
RS,Frederico Westphalen,04/05/2024,13214 - Tempestade Local/Convectiva - Chuvas Intensas,28848,0,0,0,6,22,0,32599,2024
RS,Frederico Westphalen,19/03/2024,13214 - Tempestade Local/Convectiva - Chuvas Intensas,28848,0,0,0,7,76,0,87,2024
RS,Garibaldi,02/05/2024,13214 - Tempestade Local/Convectiva - Chuvas Intensas,30692,0,0,0,17,0,0,31500,2024
RS,Garruchos,09/10/2024,13215 - Tempestade Local/Convectiva - Vendaval,3233,0,0,0,0,0,0,0,2024
RS,Garruchos,07/05/2024,13214 - Tempestade Local/Convectiva - Chuvas Intensas,3233,0,0,0,0,88,0,2600,2024
RS,Gaurama,09/05/2024,13214 - Tempestade Local/Convectiva - Chuvas Intensas,5862,0,0,0,0,0,0,5665,2024
RS,General Câmara,03/05/2024,13214 - Tempestade Local/Convectiva - Chuvas Intensas,8452,1,0,0,400,300,0,0,2024
RS,Gentil,04/05/2024,13214 - Tempestade Local/Convectiva - Chuvas Intensas,1677,0,0,0,0,1,0,1743,2024
RS,Gentil,17/04/2024,13214 - Tempestade Local/Convectiva - Chuvas Intensas,1677,0,0,0,0,1,0,599,2024
RS,Getúlio Vargas,15/05/2024,13214 - Tempestade Local/Convectiva - Chuvas Intensas,16156,0,0,0,0,0,0,16156,2024
RS,Getúlio Vargas,10/05/2024,12300 - Alagamentos,16156,0,0,0,9,0,0,0,2024
RS,Giruá,09/05/2024,13214 - Tempestade Local/Convectiva - Chuvas Intensas,17085,0,0,0,0,0,0,1890,2024
RS,Glorinha,13/05/2024,13214 - Tempestade Local/Convectiva - Chuvas Intensas,6885,0,0,0,0,0,0,2000,2024
RS,Glorinha,29/01/2024,13214 - Tempestade Local/Convectiva - Chuvas Intensas,6885,0,0,0,0,0,0,0,2024
RS,Gramado,05/05/2024,13214 - Tempestade Local/Convectiva - Chuvas Intensas,32300,7,2,0,272,900,0,103,2024
RS,Gramado,01/04/2024,12300 - Alagamentos,32300,0,0,0,0,0,0,0,2024
RS,Gramado dos Loureiros,06/05/2024,13214 - Tempestade Local/Convectiva - Chuvas Intensas,2269,0,0,0,10,160,0,2099,2024
RS,Gramado Xavier,24/06/2024,13213 - Tempestade Local/Convectiva - Granizo,3970,0,0,0,0,0,0,0,2024
RS,Gramado Xavier,03/05/2024,13214 - Tempestade Local/Convectiva - Chuvas Intensas,3970,0,0,0,0,12,164,3128,2024
RS,Gramado Xavier,02/05/2024,12200 - Enxurradas,3970,0,0,0,0,0,0,0,2024
RS,Gravataí,18/05/2024,13214 - Tempestade Local/Convectiva - Chuvas Intensas,255762,0,0,0,314,1200,0,8000,2024
RS,Gravataí,30/04/2024,13214 - Tempestade Local/Convectiva - Chuvas Intensas,255762,0,0,0,314,1200,0,8000,2024
RS,Gravataí,17/01/2024,13214 - Tempestade Local/Convectiva - Chuvas Intensas,255762,0,0,0,17,220,0,264837,2024
RS,Gravataí,15/01/2024,13214 - Tempestade Local/Convectiva - Chuvas Intensas,255762,0,0,0,0,1,0,0,2024
RS,Grupo de municípios,04/05/2024,13214 - Tempestade Local/Convectiva - Chuvas Intensas,0,1,12,20,1734,5331,8,38975,2024
RS,Guaíba,06/05/2024,13214 - Tempestade Local/Convectiva - Chuvas Intensas,95230,0,6870,0,13000,40000,0,0,2024
RS,Guabiju,06/05/2024,13214 - Tempestade Local/Convectiva - Chuvas Intensas,1598,0,0,0,0,0,0,1598,2024
RS,Guaporé,20/12/2024,12200 - Enxurradas,22810,0,0,0,77,0,0,22733,2024
RS,Guaporé,23/12/2024,13214 - Tempestade Local/Convectiva - Chuvas Intensas,22810,0,0,0,77,0,0,22733,2024
RS,Guaporé,02/05/2024,13214 - Tempestade Local/Convectiva - Chuvas Intensas,22810,0,0,0,7,76,0,25885,2024
RS,Guarani das Missões,27/05/2024,13214 - Tempestade Local/Convectiva - Chuvas Intensas,8115,0,0,0,0,0,0,7415,2024
RS,Guarani das Missões,14/05/2024,13214 - Tempestade Local/Convectiva - Chuvas Intensas,8115,0,0,0,0,0,0,7415,2024
RS,Harmonia,12/05/2024,12100 - Inundações,4254,0,0,0,0,0,0,0,2024
RS,Harmonia,07/05/2024,13214 - Tempestade Local/Convectiva - Chuvas Intensas,4254,0,0,0,28,179,0,16,2024
RS,Herval,06/05/2024,13214 - Tempestade Local/Convectiva - Chuvas Intensas,6757,0,0,0,0,0,0,6191,2024
RS,Herval,12/04/2024,13215 - Tempestade Local/Convectiva - Vendaval,6757,0,0,0,0,0,0,19,2024
RS,Herveiras,07/05/2024,13214 - Tempestade Local/Convectiva - Chuvas Intensas,2954,0,0,0,0,40,0,2486,2024
RS,Horizontina,06/05/2024,13214 - Tempestade Local/Convectiva - Chuvas Intensas,18350,0,0,0,0,31,0,19358,2024
RS,Horizontina,05/01/2024,13215 - Tempestade Local/Convectiva - Vendaval,18350,0,0,0,0,0,0,18350,2024
RS,Hulha Negra,09/10/2024,13214 - Tempestade Local/Convectiva - Chuvas Intensas,6048,0,0,0,0,0,0,6048,2024
RS,Hulha Negra,22/08/2024,11321 - Deslizamentos,6048,0,0,0,0,0,0,0,2024
RS,Hulha Negra,15/05/2024,13214 - Tempestade Local/Convectiva - Chuvas Intensas,6048,0,0,0,0,0,0,6048,2024
RS,Hulha Negra,27/03/2024,13215 - Tempestade Local/Convectiva - Vendaval,6048,0,0,0,0,0,0,112,2024
RS,Hulha Negra,17/01/2024,13215 - Tempestade Local/Convectiva - Vendaval,6048,0,0,0,0,0,0,76,2024
RS,Humaitá,07/05/2024,13214 - Tempestade Local/Convectiva - Chuvas Intensas,4919,0,0,0,0,0,0,4681,2024
RS,Humaitá,05/01/2024,13215 - Tempestade Local/Convectiva - Vendaval,4919,0,0,0,0,4,0,248,2024
RS,Ibarama,05/05/2024,13214 - Tempestade Local/Convectiva - Chuvas Intensas,4371,0,10,0,27,150,0,3549,2024
RS,Ibiaçá,07/10/2024,13213 - Tempestade Local/Convectiva - Granizo,4710,0,0,0,0,0,0,0,2024
RS,Ibiaçá,05/05/2024,13214 - Tempestade Local/Convectiva - Chuvas Intensas,4710,0,0,0,0,0,0,2500,2024
RS,Ibiraiaras,08/05/2024,13214 - Tempestade Local/Convectiva - Chuvas Intensas,7175,0,0,0,0,0,0,7175,2024
RS,Ibirapuitã,04/05/2024,13214 - Tempestade Local/Convectiva - Chuvas Intensas,4061,0,0,0,0,0,0,1670,2024
RS,Ibirubá,08/05/2024,13214 - Tempestade Local/Convectiva - Chuvas Intensas,19312,0,0,0,0,100,0,0,2024
RS,Ibirubá,02/05/2024,12300 - Alagamentos,19312,0,0,0,0,100,0,0,2024
RS,Igrejinha,23/05/2024,11321 - Deslizamentos,31663,0,0,0,0,0,0,0,2024
RS,Igrejinha,06/05/2024,13214 - Tempestade Local/Convectiva - Chuvas Intensas,31663,0,0,0,500,25000,0,6163,2024
RS,Igrejinha,01/04/2024,13215 - Tempestade Local/Convectiva - Vendaval,31663,0,0,0,0,0,0,0,2024
RS,Ijuí,06/05/2024,13214 - Tempestade Local/Convectiva - Chuvas Intensas,78920,0,0,0,0,0,0,84041,2024
RS,Ilópolis,03/05/2024,13214 - Tempestade Local/Convectiva - Chuvas Intensas,4098,0,0,0,0,32,0,0,2024
RS,Imigrante,30/04/2024,13214 - Tempestade Local/Convectiva - Chuvas Intensas,3025,0,5,5,40,500,20,2455,2024
RS,Independência,06/05/2024,13214 - Tempestade Local/Convectiva - Chuvas Intensas,6618,0,0,0,0,0,0,1800,2024
RS,Inhacorá,06/05/2024,13214 - Tempestade Local/Convectiva - Chuvas Intensas,2267,0,0,0,0,0,0,2267,2024
RS,Inhacorá,03/01/2024,13215 - Tempestade Local/Convectiva - Vendaval,2267,0,0,0,0,0,0,2267,2024
RS,Ipê,03/05/2024,13214 - Tempestade Local/Convectiva - Chuvas Intensas,6017,0,0,0,0,78,0,5939,2024
RS,Ipiranga do Sul,28/06/2024,13214 - Tempestade Local/Convectiva - Chuvas Intensas,1944,0,0,0,0,0,0,1720,2024
RS,Iraí,03/05/2024,13214 - Tempestade Local/Convectiva - Chuvas Intensas,8078,0,0,0,0,92,0,7986,2024
RS,Itaara,20/11/2024,13214 - Tempestade Local/Convectiva - Chuvas Intensas,5011,0,0,0,0,2,0,0,2024
RS,Itaara,03/05/2024,13214 - Tempestade Local/Convectiva - Chuvas Intensas,5011,1,18,0,50,50,0,441,2024
RS,Itacurubi,17/05/2024,13214 - Tempestade Local/Convectiva - Chuvas Intensas,3441,0,0,0,0,0,0,2995,2024
RS,Itacurubi,26/07/2024,13215 - Tempestade Local/Convectiva - Vendaval,3441,0,0,0,0,0,0,12,2024
RS,Itapuca,06/05/2024,13214 - Tempestade Local/Convectiva - Chuvas Intensas,2337,0,0,0,0,3,0,1515,2024
RS,Itapuca,03/05/2024,12200 - Enxurradas,2337,0,0,0,0,0,0,0,2024
RS,Itaqui,06/08/2024,13213 - Tempestade Local/Convectiva - Granizo,38166,0,0,0,0,0,0,568,2024
RS,Itaqui,10/05/2024,12100 - Inundações,38166,0,0,0,90,1379,0,0,2024
RS,Itati,02/05/2024,13214 - Tempestade Local/Convectiva - Chuvas Intensas,2589,0,0,0,80,600,0,1602,2024
RS,Itatiba do Sul,03/05/2024,13214 - Tempestade Local/Convectiva - Chuvas Intensas,4171,0,0,0,0,0,0,4171,2024
RS,Ivorá,30/09/2024,13213 - Tempestade Local/Convectiva - Granizo,2156,0,0,0,0,0,0,0,2024
RS,Ivorá,03/05/2024,13214 - Tempestade Local/Convectiva - Chuvas Intensas,2156,0,1,6,11,23,0,177,2024
RS,Ivoti,10/05/2024,13214 - Tempestade Local/Convectiva - Chuvas Intensas,19877,0,0,0,55,361,0,300,2024
RS,Jóia,06/05/2024,13214 - Tempestade Local/Convectiva - Chuvas Intensas,8329,0,0,0,0,0,0,8329,2024
RS,Jaboticaba,03/05/2024,13214 - Tempestade Local/Convectiva - Chuvas Intensas,4111,0,0,0,0,0,0,4111,2024
RS,Jacuizinho,06/05/2024,13214 - Tempestade Local/Convectiva - Chuvas Intensas,2507,0,0,0,5,40,0,2000,2024
RS,Jacutinga,20/05/2024,13214 - Tempestade Local/Convectiva - Chuvas Intensas,3630,0,0,0,0,0,0,3630,2024
RS,Jaguarão,23/09/2024,13213 - Tempestade Local/Convectiva - Granizo,27942,0,0,0,0,0,0,12000,2024
RS,Jaguarão,21/06/2024,13214 - Tempestade Local/Convectiva - Chuvas Intensas,27942,0,0,0,0,0,0,0,2024
RS,Jaguarão,06/05/2024,13214 - Tempestade Local/Convectiva - Chuvas Intensas,27942,0,0,0,0,0,0,27942,2024
RS,Jaguarão,30/03/2024,13214 - Tempestade Local/Convectiva - Chuvas Intensas,27942,0,0,0,0,0,0,64,2024
RS,Jaguari,04/05/2024,13214 - Tempestade Local/Convectiva - Chuvas Intensas,11478,0,0,0,106,700,0,0,2024
RS,Jaguari,19/04/2024,13214 - Tempestade Local/Convectiva - Chuvas Intensas,11478,0,0,0,0,36,0,11442,2024
RS,Júlio de Castilhos,07/05/2024,13214 - Tempestade Local/Convectiva - Chuvas Intensas,19579,0,0,0,0,0,0,0,2024
RS,Júlio de Castilhos,30/04/2024,13214 - Tempestade Local/Convectiva - Chuvas Intensas,19579,0,0,0,7,10,0,19579,2024
RS,Jaquirana,26/06/2024,13214 - Tempestade Local/Convectiva - Chuvas Intensas,4177,0,0,0,0,0,0,4177,2024
RS,Jari,03/05/2024,13214 - Tempestade Local/Convectiva - Chuvas Intensas,3575,0,0,0,0,0,0,3349,2024
RS,Jari,22/03/2024,13215 - Tempestade Local/Convectiva - Vendaval,3575,0,0,0,0,0,0,0,2024
RS,Lagoa Bonita do Sul,01/05/2024,13214 - Tempestade Local/Convectiva - Chuvas Intensas,2662,0,1,0,0,15,0,2235,2024
RS,Lagoa Bonita do Sul,18/01/2024,13214 - Tempestade Local/Convectiva - Chuvas Intensas,2662,0,0,0,0,0,0,2251,2024
RS,Lagoa dos Três Cantos,04/05/2024,13214 - Tempestade Local/Convectiva - Chuvas Intensas,1598,0,0,0,0,0,0,1738,2024
RS,Lagoa dos Três Cantos,21/03/2024,13215 - Tempestade Local/Convectiva - Vendaval,1598,0,0,0,0,0,0,155,2024
RS,Lagoa Vermelha,14/05/2024,13214 - Tempestade Local/Convectiva - Chuvas Intensas,27529,0,0,0,7,5,0,0,2024
RS,Lagoa Vermelha,04/05/2024,13214 - Tempestade Local/Convectiva - Chuvas Intensas,27529,0,0,0,7,5,0,27517,2024
RS,Lagoa Vermelha,22/03/2024,13215 - Tempestade Local/Convectiva - Vendaval,27529,0,0,0,0,0,0,27529,2024
RS,Lagoa Vermelha,14/05/2024,13214 - Tempestade Local/Convectiva - Chuvas Intensas,27529,0,0,0,0,0,0,0,2024
RS,Lagoão,25/06/2024,13213 - Tempestade Local/Convectiva - Granizo,6185,0,1,0,0,64,0,773,2024
RS,Lagoão,02/05/2024,13214 - Tempestade Local/Convectiva - Chuvas Intensas,6185,0,0,0,0,0,0,6185,2024
RS,Lajeado,20/06/2024,12100 - Inundações,71481,0,0,0,300,500,0,0,2024
RS,Lajeado,13/05/2024,13214 - Tempestade Local/Convectiva - Chuvas Intensas,71481,0,0,0,1300,5000,0,65000,2024
RS,Lajeado,04/05/2024,13214 - Tempestade Local/Convectiva - Chuvas Intensas,71481,10,60,0,1326,5000,50,65000,2024
RS,Lajeado,24/04/2024,12200 - Enxurradas,71481,0,0,0,0,0,0,0,2024
RS,Lajeado,08/04/2024,12200 - Enxurradas,71481,0,0,0,0,0,0,0,2024
RS,Lajeado,01/04/2024,13212 - Tempestade Local/Convectiva - Tempestade de Raios,71481,0,0,0,0,0,0,0,2024
RS,Lajeado,18/01/2024,13212 - Tempestade Local/Convectiva - Tempestade de Raios,71481,0,0,0,0,10,0,0,2024
RS,Lajeado do Bugre,03/05/2024,13214 - Tempestade Local/Convectiva - Chuvas Intensas,2487,0,0,0,0,0,0,2487,2024
RS,Lavras do Sul,02/05/2024,13214 - Tempestade Local/Convectiva - Chuvas Intensas,7669,0,0,0,0,10,0,300,2024
RS,Liberato Salzano,03/05/2024,13214 - Tempestade Local/Convectiva - Chuvas Intensas,5780,0,20,0,0,404,0,5356,2024
RS,Lindolfo Collor,07/05/2024,13214 - Tempestade Local/Convectiva - Chuvas Intensas,5229,0,1,0,150,250,0,0,2024
RS,Linha Nova,08/05/2024,13214 - Tempestade Local/Convectiva - Chuvas Intensas,1624,0,0,0,5,30,0,0,2024
RS,Maçambará,08/05/2024,13214 - Tempestade Local/Convectiva - Chuvas Intensas,4742,0,0,0,0,0,0,3430,2024
RS,Machadinho,09/05/2024,13214 - Tempestade Local/Convectiva - Chuvas Intensas,5515,0,0,0,0,0,0,2127,2024
RS,Mampituba,16/05/2024,13214 - Tempestade Local/Convectiva - Chuvas Intensas,2997,0,0,0,0,30,0,3101,2024
RS,Manoel Viana,03/05/2024,13214 - Tempestade Local/Convectiva - Chuvas Intensas,7074,0,0,0,8,432,0,0,2024
RS,Maquiné,03/05/2024,12200 - Enxurradas,6908,0,0,0,0,0,0,0,2024
RS,Maquiné,06/05/2024,13214 - Tempestade Local/Convectiva - Chuvas Intensas,6908,0,0,0,52,300,0,2900,2024
RS,Maratá,03/05/2024,13214 - Tempestade Local/Convectiva - Chuvas Intensas,2527,0,0,0,0,19,0,1909,2024
RS,Marau,03/05/2024,13214 - Tempestade Local/Convectiva - Chuvas Intensas,36383,0,0,0,30,24,0,9300,2024
RS,Marcelino Ramos,30/12/2024,13214 - Tempestade Local/Convectiva - Chuvas Intensas,5134,0,0,0,0,6,0,4314,2024
RS,Marcelino Ramos,23/05/2024,13214 - Tempestade Local/Convectiva - Chuvas Intensas,5134,0,0,0,0,14,0,4306,2024
RS,Marcelino Ramos,05/05/2024,13214 - Tempestade Local/Convectiva - Chuvas Intensas,5134,0,0,0,0,12,0,0,2024
RS,Mariana Pimentel,06/05/2024,13214 - Tempestade Local/Convectiva - Chuvas Intensas,3768,0,0,0,0,2,0,280,2024
RS,Mariano Moro,03/05/2024,13214 - Tempestade Local/Convectiva - Chuvas Intensas,2210,0,0,0,0,0,0,1858,2024
RS,Marques de Souza,30/04/2024,13214 - Tempestade Local/Convectiva - Chuvas Intensas,4068,0,20,0,400,150,1,3497,2024
RS,Mata,03/05/2024,13214 - Tempestade Local/Convectiva - Chuvas Intensas,5111,0,0,0,100,700,0,4311,2024
RS,Mata,18/03/2024,13214 - Tempestade Local/Convectiva - Chuvas Intensas,5111,0,0,0,0,0,0,5111,2024
RS,Mata,19/01/2024,13213 - Tempestade Local/Convectiva - Granizo,5111,0,0,0,0,0,0,5111,2024
RS,Mato Castelhano,26/06/2024,11321 - Deslizamentos,2470,0,0,0,0,0,0,0,2024
RS,Mato Castelhano,06/05/2024,13214 - Tempestade Local/Convectiva - Chuvas Intensas,2470,0,0,0,0,59,0,1500,2024
RS,Mato Leitão,06/05/2024,13214 - Tempestade Local/Convectiva - Chuvas Intensas,3869,0,0,0,0,48,0,0,2024
RS,Mato Queimado,17/05/2024,13214 - Tempestade Local/Convectiva - Chuvas Intensas,1799,0,0,0,0,3,0,1796,2024
RS,Maximiliano de Almeida,03/05/2024,13214 - Tempestade Local/Convectiva - Chuvas Intensas,4907,0,0,0,0,0,0,4191,2024
RS,Maximiliano de Almeida,20/04/2024,13214 - Tempestade Local/Convectiva - Chuvas Intensas,4907,0,0,0,0,0,0,4191,2024
RS,Minas do Leão,03/12/2024,13215 - Tempestade Local/Convectiva - Vendaval,7631,0,0,0,0,0,0,254,2024
RS,Minas do Leão,06/05/2024,12300 - Alagamentos,7631,0,0,0,12,68,0,140,2024
RS,Miraguaí,05/05/2024,13214 - Tempestade Local/Convectiva - Chuvas Intensas,4855,0,0,0,0,0,0,4855,2024
RS,Miraguaí,03/01/2024,13215 - Tempestade Local/Convectiva - Vendaval,4855,0,0,0,0,0,0,4855,2024
RS,Montauri,04/05/2024,13214 - Tempestade Local/Convectiva - Chuvas Intensas,1542,0,0,0,0,0,0,0,2024
RS,Monte Alegre dos Campos,22/05/2024,13214 - Tempestade Local/Convectiva - Chuvas Intensas,3098,0,0,0,0,0,0,0,2024
RS,Monte Alegre dos Campos,29/04/2024,13215 - Tempestade Local/Convectiva - Vendaval,3098,0,0,0,2,0,0,276,2024
RS,Monte Belo do Sul,06/05/2024,13214 - Tempestade Local/Convectiva - Chuvas Intensas,2670,0,19,0,147,50,0,0,2024
RS,Montenegro,01/05/2024,13214 - Tempestade Local/Convectiva - Chuvas Intensas,59436,0,0,0,768,7845,0,2650,2024
RS,Mormaço,06/05/2024,13214 - Tempestade Local/Convectiva - Chuvas Intensas,2749,0,0,0,0,7,0,2749,2024
RS,Morrinhos do Sul,06/05/2024,13214 - Tempestade Local/Convectiva - Chuvas Intensas,3185,0,0,0,0,0,0,3185,2024
RS,Morro Redondo,23/05/2024,13214 - Tempestade Local/Convectiva - Chuvas Intensas,6231,0,0,0,0,0,0,1940,2024
RS,Morro Redondo,22/03/2024,13215 - Tempestade Local/Convectiva - Vendaval,6231,0,0,0,0,0,0,560,2024
RS,Morro Reuter,06/05/2024,13214 - Tempestade Local/Convectiva - Chuvas Intensas,5680,0,0,0,0,40,0,1500,2024
RS,Mostardas,19/07/2024,13214 - Tempestade Local/Convectiva - Chuvas Intensas,12130,0,0,0,0,0,0,0,2024
RS,Mostardas,03/05/2024,13214 - Tempestade Local/Convectiva - Chuvas Intensas,12130,0,0,0,0,0,0,0,2024
RS,Mostardas,02/05/2024,13214 - Tempestade Local/Convectiva - Chuvas Intensas,12130,0,0,0,0,0,0,0,2024
RS,Muçum,02/05/2024,13214 - Tempestade Local/Convectiva - Chuvas Intensas,4791,0,0,0,306,3520,0,965,2024
RS,Muitos Capões,08/05/2024,13214 - Tempestade Local/Convectiva - Chuvas Intensas,2977,0,0,0,0,10,0,2869,2024
RS,Muliterno,30/10/2024,13215 - Tempestade Local/Convectiva - Vendaval,1813,0,0,0,0,0,0,23,2024
RS,Não-Me-Toque,06/05/2024,13214 - Tempestade Local/Convectiva - Chuvas Intensas,15938,0,1,0,3,3,0,3600,2024
RS,Não-Me-Toque,17/01/2024,13215 - Tempestade Local/Convectiva - Vendaval,15938,0,0,0,0,0,0,20,2024
RS,Nicolau Vergueiro,03/07/2024,13214 - Tempestade Local/Convectiva - Chuvas Intensas,1721,0,0,0,0,0,0,1400,2024
RS,Nicolau Vergueiro,01/04/2024,13215 - Tempestade Local/Convectiva - Vendaval,1721,0,0,0,0,0,0,0,2024
RS,Nonoai,04/05/2024,13214 - Tempestade Local/Convectiva - Chuvas Intensas,12076,0,0,0,0,52,0,12024,2024
RS,Nonoai,03/05/2024,12200 - Enxurradas,12076,0,0,0,0,0,0,0,2024
RS,Nova Alvorada,04/05/2024,13214 - Tempestade Local/Convectiva - Chuvas Intensas,3177,0,0,0,22,103,0,0,2024
RS,Nova Bassano,02/05/2024,13214 - Tempestade Local/Convectiva - Chuvas Intensas,8840,0,0,0,0,650,0,8999,2024
RS,Nova Boa Vista,03/05/2024,13214 - Tempestade Local/Convectiva - Chuvas Intensas,1960,0,0,0,0,1,0,2041,2024
RS,Nova Bréscia,05/05/2024,13214 - Tempestade Local/Convectiva - Chuvas Intensas,3184,0,0,0,16,5,0,3013,2024
RS,Nova Candelária,03/01/2024,13215 - Tempestade Local/Convectiva - Vendaval,2751,0,0,0,0,0,0,3000,2024
RS,Nova Esperança do Sul,02/05/2024,13214 - Tempestade Local/Convectiva - Chuvas Intensas,4671,0,0,0,0,0,0,4671,2024
RS,Nova Hartz,09/05/2024,13214 - Tempestade Local/Convectiva - Chuvas Intensas,18346,0,0,0,0,32,0,200,2024
RS,Nova Pádua,08/05/2024,13214 - Tempestade Local/Convectiva - Chuvas Intensas,2445,0,0,0,0,72,0,0,2024
RS,Nova Palma,26/09/2024,13213 - Tempestade Local/Convectiva - Granizo,6345,0,0,0,0,0,0,0,2024
RS,Nova Palma,03/05/2024,13214 - Tempestade Local/Convectiva - Chuvas Intensas,6345,0,0,0,50,550,0,5745,2024
RS,Nova Palma,27/03/2024,13215 - Tempestade Local/Convectiva - Vendaval,6345,0,0,0,0,0,0,6345,2024
RS,Nova Palma,27/02/2024,13214 - Tempestade Local/Convectiva - Chuvas Intensas,6345,0,0,0,0,0,0,6345,2024
RS,Nova Petrópolis,05/05/2024,13214 - Tempestade Local/Convectiva - Chuvas Intensas,19058,0,0,3,35,1200,0,21000,2024
RS,Nova Prata,02/05/2024,12200 - Enxurradas,22830,0,0,0,3,180,0,8412,2024
RS,Nova Ramada,03/05/2024,13214 - Tempestade Local/Convectiva - Chuvas Intensas,2437,0,0,0,0,16,0,2421,2024
RS,Nova Roma do Sul,02/05/2024,13214 - Tempestade Local/Convectiva - Chuvas Intensas,3347,0,0,0,0,0,0,3466,2024
RS,Nova Santa Rita,14/05/2024,13214 - Tempestade Local/Convectiva - Chuvas Intensas,22706,0,0,50,1500,8000,0,0,2024
RS,Nova Santa Rita,02/05/2024,12100 - Inundações,22706,0,0,50,1100,250,0,0,2024
RS,Novo Barreiro,07/05/2024,13214 - Tempestade Local/Convectiva - Chuvas Intensas,3978,0,0,0,0,0,0,0,2024
RS,Novo Barreiro,07/05/2024,13214 - Tempestade Local/Convectiva - Chuvas Intensas,3978,0,0,0,0,48,0,4224,2024
RS,Novo Cabrais,03/05/2024,13214 - Tempestade Local/Convectiva - Chuvas Intensas,3855,0,0,0,10,50,0,0,2024
RS,Novo Hamburgo,02/05/2024,13214 - Tempestade Local/Convectiva - Chuvas Intensas,239051,0,0,0,3981,10000,0,7000,2024
RS,Novo Machado,07/05/2024,13214 - Tempestade Local/Convectiva - Chuvas Intensas,3927,0,0,0,0,0,0,3198,2024
RS,Novo Tiradentes,03/05/2024,13214 - Tempestade Local/Convectiva - Chuvas Intensas,2277,0,0,0,0,7,0,2139,2024
RS,Novo Tiradentes,04/01/2024,13215 - Tempestade Local/Convectiva - Vendaval,2277,0,0,0,0,0,0,2146,2024
RS,Novo Xingu,03/05/2024,13214 - Tempestade Local/Convectiva - Chuvas Intensas,1757,0,0,0,0,50,0,1596,2024
RS,Osório,22/05/2024,12300 - Alagamentos,40941,0,0,0,0,10,0,0,2024
RS,Paim Filho,04/05/2024,13214 - Tempestade Local/Convectiva - Chuvas Intensas,4243,0,0,0,0,0,0,3629,2024
RS,Palmares do Sul,06/05/2024,13214 - Tempestade Local/Convectiva - Chuvas Intensas,10971,0,0,0,0,150,0,0,2024
RS,Palmeira das Missões,27/09/2024,13215 - Tempestade Local/Convectiva - Vendaval,34335,0,0,0,0,0,0,700,2024
RS,Palmeira das Missões,04/05/2024,13214 - Tempestade Local/Convectiva - Chuvas Intensas,34335,0,0,0,0,0,0,34335,2024
RS,Palmitinho,03/05/2024,13214 - Tempestade Local/Convectiva - Chuvas Intensas,6920,0,0,0,10,54,0,7775,2024
RS,Panambi,09/10/2024,13213 - Tempestade Local/Convectiva - Granizo,38068,0,0,0,0,0,0,1040,2024
RS,Panambi,03/05/2024,13214 - Tempestade Local/Convectiva - Chuvas Intensas,38068,36064,0,0,0,4,0,0,2024
RS,Panambi,26/03/2024,13215 - Tempestade Local/Convectiva - Vendaval,38068,0,0,0,0,0,0,3000,2024
RS,Panambi,23/01/2024,13214 - Tempestade Local/Convectiva - Chuvas Intensas,38068,0,0,0,0,0,0,15000,2024
RS,Pantano Grande,02/05/2024,13214 - Tempestade Local/Convectiva - Chuvas Intensas,9895,1,0,0,80,2550,0,2770,2024
RS,Paraí,05/05/2024,13214 - Tempestade Local/Convectiva - Chuvas Intensas,6812,0,0,0,0,0,0,6812,2024
RS,Paraíso do Sul,03/05/2024,13214 - Tempestade Local/Convectiva - Chuvas Intensas,7336,0,0,0,0,0,0,6519,2024
RS,Paraíso do Sul,22/01/2024,13214 - Tempestade Local/Convectiva - Chuvas Intensas,7336,0,0,0,0,0,0,6519,2024
RS,Pareci Novo,05/05/2024,13214 - Tempestade Local/Convectiva - Chuvas Intensas,3511,0,0,0,503,626,0,0,2024
RS,Parobé,18/06/2024,13214 - Tempestade Local/Convectiva - Chuvas Intensas,51481,0,0,0,60,150,0,0,2024
RS,Parobé,08/05/2024,13214 - Tempestade Local/Convectiva - Chuvas Intensas,51481,0,0,500,598,6000,0,0,2024
RS,Parobé,17/01/2024,13215 - Tempestade Local/Convectiva - Vendaval,51481,0,0,0,0,0,0,0,2024
RS,Passa Sete,21/06/2024,13214 - Tempestade Local/Convectiva - Chuvas Intensas,5159,0,0,0,0,0,0,150,2024
RS,Passa Sete,04/05/2024,13214 - Tempestade Local/Convectiva - Chuvas Intensas,5159,0,0,0,0,1000,0,3982,2024
RS,Passa Sete,24/04/2024,13214 - Tempestade Local/Convectiva - Chuvas Intensas,5159,0,0,0,0,0,0,3982,2024
RS,Passa Sete,21/03/2024,13215 - Tempestade Local/Convectiva - Vendaval,5159,0,0,0,0,0,0,3982,2024
RS,Passa Sete,21/02/2024,13214 - Tempestade Local/Convectiva - Chuvas Intensas,5159,0,0,0,0,0,0,3982,2024
RS,Passa Sete,18/01/2024,13215 - Tempestade Local/Convectiva - Vendaval,5159,0,0,0,0,3,0,3979,2024
RS,Passo do Sobrado,03/05/2024,13214 - Tempestade Local/Convectiva - Chuvas Intensas,6011,0,0,0,34,50,0,2800,2024
RS,Passo Fundo,11/10/2024,13213 - Tempestade Local/Convectiva - Granizo,184869,0,0,0,0,0,0,2280,2024
RS,Passo Fundo,05/06/2024,13214 - Tempestade Local/Convectiva - Chuvas Intensas,184869,0,0,0,0,468,0,0,2024
RS,Paulo Bento,06/05/2024,13214 - Tempestade Local/Convectiva - Chuvas Intensas,2196,0,0,0,0,6,0,2190,2024
RS,Paverama,30/04/2024,13214 - Tempestade Local/Convectiva - Chuvas Intensas,8047,2,0,0,0,95,0,5000,2024
RS,Pedras Altas,07/05/2024,13214 - Tempestade Local/Convectiva - Chuvas Intensas,2218,0,0,0,0,0,0,2061,2024
RS,Pedro Osório,08/05/2024,12100 - Inundações,7817,0,0,0,0,0,0,0,2024
RS,Pejuçara,04/10/2024,13213 - Tempestade Local/Convectiva - Granizo,3973,0,0,0,0,0,0,53,2024
RS,Pejuçara,23/05/2024,13214 - Tempestade Local/Convectiva - Chuvas Intensas,3973,0,0,0,0,0,0,3745,2024
RS,Pejuçara,07/05/2024,13214 - Tempestade Local/Convectiva - Chuvas Intensas,3973,0,0,0,0,0,0,3745,2024
RS,Pejuçara,26/03/2024,13215 - Tempestade Local/Convectiva - Vendaval,3973,0,0,0,0,0,0,3000,2024
RS,Pelotas,02/10/2024,13214 - Tempestade Local/Convectiva - Chuvas Intensas,327778,0,0,0,44,0,0,0,2024
RS,Pelotas,18/05/2024,13214 - Tempestade Local/Convectiva - Chuvas Intensas,327778,0,0,0,740,720,0,104000,2024
RS,Pelotas,26/03/2024,13215 - Tempestade Local/Convectiva - Vendaval,327778,0,0,0,0,12,0,0,2024
RS,Picada Café,06/05/2024,13214 - Tempestade Local/Convectiva - Chuvas Intensas,5182,0,0,0,13,16,0,5322,2024
RS,Pinhal,05/05/2024,13214 - Tempestade Local/Convectiva - Chuvas Intensas,2515,0,0,0,150,0,0,2809,2024
RS,Pinhal,03/01/2024,13215 - Tempestade Local/Convectiva - Vendaval,2515,0,0,0,0,40,0,2475,2024
RS,Pinhal Grande,01/05/2024,13214 - Tempestade Local/Convectiva - Chuvas Intensas,4471,1,0,0,26,43,1,4400,2024
RS,Pinhal Grande,27/02/2024,13214 - Tempestade Local/Convectiva - Chuvas Intensas,4471,0,0,0,0,0,0,4471,2024
RS,Pinheirinho do Vale,07/05/2024,13214 - Tempestade Local/Convectiva - Chuvas Intensas,4503,0,0,0,0,20,0,4503,2024
RS,Pinheiro Machado,01/10/2024,13214 - Tempestade Local/Convectiva - Chuvas Intensas,12787,0,0,0,0,0,0,11214,2024
RS,Pinheiro Machado,23/09/2024,13213 - Tempestade Local/Convectiva - Granizo,12787,0,0,0,0,0,0,108,2024
RS,Pinheiro Machado,20/08/2024,13214 - Tempestade Local/Convectiva - Chuvas Intensas,12787,0,0,0,0,0,0,11214,2024
RS,Pinheiro Machado,19/06/2024,13214 - Tempestade Local/Convectiva - Chuvas Intensas,12787,0,0,0,0,0,0,11214,2024
RS,Pinheiro Machado,03/05/2024,13214 - Tempestade Local/Convectiva - Chuvas Intensas,12787,0,0,0,0,0,0,11214,2024
RS,Pinto Bandeira,04/05/2024,12200 - Enxurradas,0,0,0,0,15,110,0,0,2024
RS,Pinto Bandeira,14/05/2024,13214 - Tempestade Local/Convectiva - Chuvas Intensas,0,0,0,0,15,100,0,200,2024
RS,Pirapó,11/05/2024,13214 - Tempestade Local/Convectiva - Chuvas Intensas,2757,0,0,0,0,0,0,1200,2024
RS,Piratini,27/09/2024,13214 - Tempestade Local/Convectiva - Chuvas Intensas,19831,0,0,0,0,2,0,19829,2024
RS,Piratini,06/05/2024,13214 - Tempestade Local/Convectiva - Chuvas Intensas,19831,0,0,0,0,0,0,19831,2024
RS,Piratini,25/03/2024,13215 - Tempestade Local/Convectiva - Vendaval,19831,0,1,0,0,3,0,19381,2024
RS,Planalto,04/05/2024,13214 - Tempestade Local/Convectiva - Chuvas Intensas,10524,0,0,0,0,0,0,10524,2024
RS,Poço das Antas,07/05/2024,13214 - Tempestade Local/Convectiva - Chuvas Intensas,2017,0,0,0,0,61,1,1955,2024
RS,Poço das Antas,24/01/2024,13215 - Tempestade Local/Convectiva - Vendaval,2017,0,0,0,0,10,0,490,2024
RS,Pontão,07/05/2024,13214 - Tempestade Local/Convectiva - Chuvas Intensas,3857,0,0,0,0,5,0,0,2024
RS,Ponte Preta,31/12/2024,13214 - Tempestade Local/Convectiva - Chuvas Intensas,1750,0,0,0,0,0,0,0,2024
RS,Ponte Preta,24/10/2024,13215 - Tempestade Local/Convectiva - Vendaval,1750,0,0,0,0,0,0,0,2024
RS,Ponte Preta,10/05/2024,13212 - Tempestade Local/Convectiva - Tempestade de Raios,1750,0,0,0,0,0,0,0,2024
RS,Ponte Preta,03/05/2024,13214 - Tempestade Local/Convectiva - Chuvas Intensas,1750,0,0,0,0,167,0,1408,2024
RS,Ponte Preta,02/05/2024,12200 - Enxurradas,1750,0,0,0,0,0,0,0,2024
RS,Ponte Preta,31/01/2024,13213 - Tempestade Local/Convectiva - Granizo,1750,0,0,0,0,0,0,0,2024
RS,Ponte Preta,29/01/2024,13215 - Tempestade Local/Convectiva - Vendaval,1750,0,0,0,0,0,0,0,2024
RS,Ponte Preta,02/01/2024,13215 - Tempestade Local/Convectiva - Vendaval,1750,0,0,0,0,0,0,0,2024
RS,Portão,02/05/2024,12100 - Inundações,30881,0,0,0,22,70,0,100,2024
RS,Porto Alegre,25/12/2024,13214 - Tempestade Local/Convectiva - Chuvas Intensas,1409939,0,0,0,0,0,0,0,2024
RS,Porto Alegre,06/05/2024,13214 - Tempestade Local/Convectiva - Chuvas Intensas,1409939,0,50,50,83,10000,0,0,2024
RS,Porto Alegre,19/01/2024,13214 - Tempestade Local/Convectiva - Chuvas Intensas,1409939,0,0,0,0,10000,0,1399000,2024
RS,Porto Lucena,06/05/2024,13214 - Tempestade Local/Convectiva - Chuvas Intensas,5421,0,0,0,2,33,0,4325,2024
RS,Porto Mauá,06/05/2024,13214 - Tempestade Local/Convectiva - Chuvas Intensas,2544,0,0,0,0,0,0,2142,2024
RS,Porto Vera Cruz,06/05/2024,13214 - Tempestade Local/Convectiva - Chuvas Intensas,1852,0,0,0,0,0,0,1560,2024
RS,Porto Xavier,06/05/2024,13214 - Tempestade Local/Convectiva - Chuvas Intensas,10560,0,0,0,50,760,0,9748,2024
RS,Porto Xavier,04/01/2024,13215 - Tempestade Local/Convectiva - Vendaval,10560,0,0,0,0,20,0,10538,2024
RS,Pouso Novo,08/05/2024,13214 - Tempestade Local/Convectiva - Chuvas Intensas,1875,0,2,0,0,90,0,1647,2024
RS,Presidente Lucena,02/05/2024,12200 - Enxurradas,2485,0,0,0,0,0,0,3077,2024
RS,Progresso,03/05/2024,13214 - Tempestade Local/Convectiva - Chuvas Intensas,6161,0,0,0,0,0,0,5340,2024
RS,Protásio Alves,03/05/2024,13214 - Tempestade Local/Convectiva - Chuvas Intensas,2000,0,0,0,0,13,0,61,2024
RS,Putinga,03/05/2024,13214 - Tempestade Local/Convectiva - Chuvas Intensas,4147,1,0,0,0,0,0,0,2024
RS,Putinga,21/02/2024,12200 - Enxurradas,4147,0,0,0,0,0,0,2680,2024
RS,Quaraí,02/05/2024,13214 - Tempestade Local/Convectiva - Chuvas Intensas,23021,0,0,0,57,0,0,7000,2024
RS,Quatro Irmãos,21/05/2024,13214 - Tempestade Local/Convectiva - Chuvas Intensas,1778,0,0,0,0,0,0,1552,2024
RS,Quevedos,03/05/2024,13214 - Tempestade Local/Convectiva - Chuvas Intensas,2710,0,0,0,0,2,0,2708,2024
RS,Quevedos,22/04/2024,13214 - Tempestade Local/Convectiva - Chuvas Intensas,2710,0,0,0,0,0,0,2710,2024
RS,Quinze de Novembro,02/05/2024,13214 - Tempestade Local/Convectiva - Chuvas Intensas,3653,0,0,0,0,0,0,2500,2024
RS,Redentora,03/05/2024,13214 - Tempestade Local/Convectiva - Chuvas Intensas,10222,0,0,0,42,65,0,10115,2024
RS,Relvado,03/12/2024,13214 - Tempestade Local/Convectiva - Chuvas Intensas,2155,1,0,0,0,0,1,2098,2024
RS,Relvado,04/05/2024,13214 - Tempestade Local/Convectiva - Chuvas Intensas,2155,4,0,0,400,800,2,0,2024
RS,Restinga Seca,06/05/2024,13214 - Tempestade Local/Convectiva - Chuvas Intensas,15850,0,0,0,151,146,0,0,2024
RS,Restinga Seca,03/05/2024,12200 - Enxurradas,15850,0,0,0,151,146,0,0,2024
RS,Restinga Seca,18/01/2024,13214 - Tempestade Local/Convectiva - Chuvas Intensas,15850,0,0,0,0,0,0,14939,2024
RS,Rio dos Ãndios,07/05/2024,13214 - Tempestade Local/Convectiva - Chuvas Intensas,3616,0,0,0,0,5,0,3611,2024
RS,Rio Grande,16/12/2024,13215 - Tempestade Local/Convectiva - Vendaval,197253,0,0,0,0,0,0,10000,2024
RS,Rio Grande,27/09/2024,13214 - Tempestade Local/Convectiva - Chuvas Intensas,197253,0,0,0,43,150,0,10000,2024
RS,Rio Grande,09/05/2024,13214 - Tempestade Local/Convectiva - Chuvas Intensas,197253,0,0,0,0,0,0,0,2024
RS,Rio Grande,28/03/2024,13215 - Tempestade Local/Convectiva - Vendaval,197253,0,0,0,0,10,0,197243,2024
RS,Rio Pardo,02/05/2024,12100 - Inundações,37602,0,0,0,414,3088,0,0,2024
RS,Rio Pardo,25/03/2024,13215 - Tempestade Local/Convectiva - Vendaval,37602,0,0,0,0,0,0,0,2024
RS,Riozinho,06/05/2024,13214 - Tempestade Local/Convectiva - Chuvas Intensas,4327,0,0,0,0,13,0,4460,2024
RS,Roca Sales,13/05/2024,13214 - Tempestade Local/Convectiva - Chuvas Intensas,10287,0,0,0,0,0,0,0,2024
RS,Roca Sales,05/05/2024,13214 - Tempestade Local/Convectiva - Chuvas Intensas,10287,3,14,0,350,3000,14,0,2024
RS,Roca Sales,27/03/2024,13215 - Tempestade Local/Convectiva - Vendaval,10287,0,0,0,0,0,0,300,2024
RS,Rodeio Bonito,04/05/2024,13214 - Tempestade Local/Convectiva - Chuvas Intensas,5743,0,0,0,0,0,0,6694,2024
RS,Rolador,09/05/2024,13214 - Tempestade Local/Convectiva - Chuvas Intensas,2546,0,0,0,0,8,0,2192,2024
RS,Rolador,22/03/2024,13215 - Tempestade Local/Convectiva - Vendaval,2546,0,0,0,0,0,0,2546,2024
RS,Rolante,05/05/2024,13214 - Tempestade Local/Convectiva - Chuvas Intensas,19493,0,4,0,200,7000,0,14049,2024
RS,Ronda Alta,03/05/2024,13214 - Tempestade Local/Convectiva - Chuvas Intensas,10228,0,0,0,0,0,0,10228,2024
RS,Rondinha,03/05/2024,13214 - Tempestade Local/Convectiva - Chuvas Intensas,5520,0,0,0,0,0,0,5520,2024
RS,Roque Gonzales,06/05/2024,13214 - Tempestade Local/Convectiva - Chuvas Intensas,7206,0,0,0,0,0,0,0,2024
RS,Roque Gonzales,04/01/2024,13215 - Tempestade Local/Convectiva - Vendaval,7206,0,3,0,3,0,0,1794,2024
RS,Rosário do Sul,06/05/2024,13214 - Tempestade Local/Convectiva - Chuvas Intensas,39751,0,0,0,0,158,0,3860,2024
RS,São Borja,07/05/2024,12100 - Inundações,61662,0,0,0,200,500,0,1000,2024
RS,São Domingos do Sul,03/05/2024,13214 - Tempestade Local/Convectiva - Chuvas Intensas,2926,0,0,0,0,0,0,2926,2024
RS,São Francisco de Assis,03/05/2024,13214 - Tempestade Local/Convectiva - Chuvas Intensas,19258,0,0,0,0,40,0,3000,2024
RS,São Francisco de Paula,03/05/2024,13214 - Tempestade Local/Convectiva - Chuvas Intensas,20540,0,0,0,4,40,0,20496,2024
RS,São Gabriel,30/04/2024,12100 - Inundações,60508,0,0,0,50,1850,0,10000,2024
RS,São Jerônimo,06/05/2024,13214 - Tempestade Local/Convectiva - Chuvas Intensas,22141,0,120,150,975,4080,1,16815,2024
RS,São João da Urtiga,05/05/2024,13214 - Tempestade Local/Convectiva - Chuvas Intensas,4726,0,0,0,0,0,0,4726,2024
RS,São João do Polêsine,07/10/2024,13213 - Tempestade Local/Convectiva - Granizo,2635,0,0,0,0,0,0,600,2024
RS,São João do Polêsine,04/05/2024,13214 - Tempestade Local/Convectiva - Chuvas Intensas,2635,0,0,0,0,0,0,0,2024
RS,São João do Polêsine,06/05/2024,13214 - Tempestade Local/Convectiva - Chuvas Intensas,2635,1,1,1,21,100,0,2525,2024
RS,São Jorge,04/05/2024,13214 - Tempestade Local/Convectiva - Chuvas Intensas,2774,0,0,0,0,90,0,2684,2024
RS,São Jorge,03/05/2024,12200 - Enxurradas,2774,0,0,0,0,90,0,2684,2024
RS,São José das Missões,03/05/2024,13214 - Tempestade Local/Convectiva - Chuvas Intensas,2720,0,0,0,0,8,0,2712,2024
RS,São José do Herval,02/05/2024,13214 - Tempestade Local/Convectiva - Chuvas Intensas,2204,0,0,0,0,0,0,800,2024
RS,São José do Hortêncio,06/05/2024,12200 - Enxurradas,4094,0,0,0,2,143,0,100,2024
RS,São José do Inhacorá,06/05/2024,13214 - Tempestade Local/Convectiva - Chuvas Intensas,2200,0,0,0,0,20,0,2386,2024
RS,São José do Norte,27/09/2024,13214 - Tempestade Local/Convectiva - Chuvas Intensas,25523,0,0,0,0,7,0,180,2024
RS,São José do Norte,10/05/2024,12100 - Inundações,25523,0,0,0,273,1000,0,0,2024
RS,São José do Sul,02/05/2024,12200 - Enxurradas,2082,0,0,0,0,13,0,1632,2024
RS,São José dos Ausentes,06/05/2024,13214 - Tempestade Local/Convectiva - Chuvas Intensas,3290,0,0,0,0,0,0,700,2024
RS,São Leopoldo,07/05/2024,13214 - Tempestade Local/Convectiva - Chuvas Intensas,214210,1,0,0,15000,165000,0,36436,2024
RS,São Lourenço do Sul,10/05/2024,13214 - Tempestade Local/Convectiva - Chuvas Intensas,43114,0,0,0,152,2000,0,40962,2024
RS,São Lourenço do Sul,08/05/2024,13214 - Tempestade Local/Convectiva - Chuvas Intensas,43114,0,0,0,80,300,0,0,2024
RS,São Lourenço do Sul,27/03/2024,13215 - Tempestade Local/Convectiva - Vendaval,43114,0,0,0,0,0,0,43114,2024
RS,São Luiz Gonzaga,16/06/2024,13215 - Tempestade Local/Convectiva - Vendaval,34558,0,1,0,0,400,0,15000,2024
RS,São Luiz Gonzaga,30/05/2024,13214 - Tempestade Local/Convectiva - Chuvas Intensas,34558,0,0,0,0,0,0,34558,2024
RS,São Marcos,03/05/2024,13214 - Tempestade Local/Convectiva - Chuvas Intensas,20105,0,0,0,0,15,0,350,2024
RS,São Martinho,08/05/2024,13214 - Tempestade Local/Convectiva - Chuvas Intensas,5773,0,0,0,0,0,0,5773,2024
RS,São Martinho da Serra,06/05/2024,13214 - Tempestade Local/Convectiva - Chuvas Intensas,3201,0,0,0,23,250,0,0,2024
RS,São Martinho da Serra,19/03/2024,13214 - Tempestade Local/Convectiva - Chuvas Intensas,3201,0,0,0,0,0,0,0,2024
RS,São Miguel das Missões,06/05/2024,13214 - Tempestade Local/Convectiva - Chuvas Intensas,7421,0,0,0,0,0,0,7056,2024
RS,São Miguel das Missões,03/05/2024,13215 - Tempestade Local/Convectiva - Vendaval,7421,0,0,0,0,0,0,100,2024
RS,São Miguel das Missões,19/01/2024,13213 - Tempestade Local/Convectiva - Granizo,7421,0,0,0,0,10,0,420,2024
RS,São Nicolau,10/05/2024,13214 - Tempestade Local/Convectiva - Chuvas Intensas,5727,0,0,0,0,0,0,5727,2024
RS,São Nicolau,05/01/2024,13215 - Tempestade Local/Convectiva - Vendaval,5727,0,1,0,0,0,0,500,2024
RS,São Paulo das Missões,10/05/2024,13214 - Tempestade Local/Convectiva - Chuvas Intensas,6367,0,0,0,0,0,0,4,2024
RS,São Pedro da Serra,04/05/2024,13214 - Tempestade Local/Convectiva - Chuvas Intensas,3317,0,1,0,38,40,0,0,2024
RS,São Pedro das Missões,03/05/2024,13214 - Tempestade Local/Convectiva - Chuvas Intensas,1886,0,0,0,0,0,0,1757,2024
RS,São Pedro do Butiá,06/05/2024,13214 - Tempestade Local/Convectiva - Chuvas Intensas,2873,0,0,0,0,0,0,3070,2024
RS,São Pedro do Sul,06/05/2024,13214 - Tempestade Local/Convectiva - Chuvas Intensas,16371,0,0,2,4,120,0,500,2024
RS,São Sebastião do Caí,05/05/2024,13214 - Tempestade Local/Convectiva - Chuvas Intensas,21944,0,0,0,600,5000,0,18828,2024
RS,São Sebastião do Caí,03/05/2024,12100 - Inundações,21944,3333,0,0,0,0,0,333,2024
RS,São Sepé,08/11/2024,12300 - Alagamentos,23798,0,0,0,0,0,0,0,2024
RS,São Sepé,02/05/2024,13214 - Tempestade Local/Convectiva - Chuvas Intensas,23798,0,10,0,597,206,0,20000,2024
RS,São Sepé,26/03/2024,13211 - Tempestade Local/Convectiva - Tornados,23798,0,0,0,0,2,0,0,2024
RS,São Valério do Sul,07/05/2024,13214 - Tempestade Local/Convectiva - Chuvas Intensas,2647,0,0,0,0,0,0,2543,2024
RS,São Valentim,03/05/2024,13214 - Tempestade Local/Convectiva - Chuvas Intensas,3632,0,0,0,0,0,0,3264,2024
RS,São Valentim,05/01/2024,13215 - Tempestade Local/Convectiva - Vendaval,3632,0,0,0,0,0,0,0,2024
RS,São Valentim do Sul,05/05/2024,13214 - Tempestade Local/Convectiva - Chuvas Intensas,2168,0,10,0,15,70,1,2207,2024
RS,São Vendelino,03/05/2024,13214 - Tempestade Local/Convectiva - Chuvas Intensas,1944,2,5,0,65,43,0,0,2024
RS,São Vicente do Sul,01/10/2024,13215 - Tempestade Local/Convectiva - Vendaval,8440,0,0,0,0,0,0,18,2024
RS,São Vicente do Sul,06/05/2024,13214 - Tempestade Local/Convectiva - Chuvas Intensas,8440,0,0,0,60,90,0,8290,2024
RS,São Vicente do Sul,25/04/2024,13214 - Tempestade Local/Convectiva - Chuvas Intensas,8440,0,0,0,0,0,0,10,2024
RS,São Vicente do Sul,28/03/2024,13215 - Tempestade Local/Convectiva - Vendaval,8440,0,0,0,0,0,0,0,2024
RS,São Vicente do Sul,18/01/2024,13215 - Tempestade Local/Convectiva - Vendaval,8440,0,0,0,0,0,0,8440,2024
RS,Sério,03/05/2024,12200 - Enxurradas,2281,0,0,0,0,41,0,2240,2024
RS,Sagrada Família,27/06/2024,13213 - Tempestade Local/Convectiva - Granizo,2595,0,0,0,0,0,0,240,2024
RS,Sagrada Família,03/05/2024,13214 - Tempestade Local/Convectiva - Chuvas Intensas,2595,0,0,0,0,16,0,2579,2024
RS,Saldanha Marinho,10/10/2024,13213 - Tempestade Local/Convectiva - Granizo,2869,0,0,0,0,0,0,735,2024
RS,Saldanha Marinho,29/05/2024,13214 - Tempestade Local/Convectiva - Chuvas Intensas,2869,0,0,0,0,0,0,2575,2024
RS,Salto do Jacuí,03/05/2024,13214 - Tempestade Local/Convectiva - Chuvas Intensas,11880,0,0,0,0,120,0,10168,2024
RS,Salvador das Missões,09/05/2024,13214 - Tempestade Local/Convectiva - Chuvas Intensas,2669,0,0,0,0,0,0,2877,2024
RS,Salvador do Sul,06/05/2024,13214 - Tempestade Local/Convectiva - Chuvas Intensas,6747,2,0,0,30,60,0,0,2024
RS,Sananduva,21/05/2024,13214 - Tempestade Local/Convectiva - Chuvas Intensas,15373,0,0,0,0,0,0,0,2024
RS,Sant`Ana do Livramento,23/05/2024,13214 - Tempestade Local/Convectiva - Chuvas Intensas,82513,0,0,0,0,0,0,8703,2024
RS,Santa Bárbara do Sul,02/10/2024,13215 - Tempestade Local/Convectiva - Vendaval,8829,0,0,0,5,0,0,800,2024
RS,Santa Bárbara do Sul,28/05/2024,13214 - Tempestade Local/Convectiva - Chuvas Intensas,8829,0,0,0,0,0,0,8829,2024
RS,Santa Clara do Sul,30/04/2024,13214 - Tempestade Local/Convectiva - Chuvas Intensas,5692,0,1,0,0,60,0,0,2024
RS,Santa Cruz do Sul,06/05/2024,12300 - Alagamentos,118287,1,5,20,272,11603,3,6961,2024
RS,Santa Margarida do Sul,03/05/2024,13214 - Tempestade Local/Convectiva - Chuvas Intensas,2352,0,0,0,0,0,0,2352,2024
RS,Santa Margarida do Sul,27/03/2024,13215 - Tempestade Local/Convectiva - Vendaval,2352,0,0,0,0,112,0,1500,2024
RS,Santa Maria,02/05/2024,13214 - Tempestade Local/Convectiva - Chuvas Intensas,261027,5,2,0,120,2000,0,269000,2024
RS,Santa Maria,21/03/2024,13214 - Tempestade Local/Convectiva - Chuvas Intensas,261027,0,2,0,0,0,0,271728,2024
RS,Santa Maria,17/01/2024,13214 - Tempestade Local/Convectiva - Chuvas Intensas,261027,0,1,0,0,6,0,271728,2024
RS,Santa Maria do Herval,16/05/2024,13214 - Tempestade Local/Convectiva - Chuvas Intensas,6053,0,0,0,0,0,0,56,2024
RS,Santa Rosa,06/05/2024,13214 - Tempestade Local/Convectiva - Chuvas Intensas,68595,0,0,0,0,0,0,1300,2024
RS,Santa Rosa,04/01/2024,13215 - Tempestade Local/Convectiva - Vendaval,68595,0,0,0,0,0,0,1200,2024
RS,Santa Tereza,21/06/2024,12100 - Inundações,1717,0,0,0,0,68,0,123,2024
RS,Santa Tereza,21/06/2024,12100 - Inundações,1717,0,0,0,0,120,0,310,2024
RS,Santa Tereza,02/05/2024,13214 - Tempestade Local/Convectiva - Chuvas Intensas,1717,0,0,0,0,948,0,557,2024
RS,Santa Vitória do Palmar,10/05/2024,13214 - Tempestade Local/Convectiva - Chuvas Intensas,31002,0,0,0,25,60,0,30917,2024
RS,Santa Vitória do Palmar,27/03/2024,13214 - Tempestade Local/Convectiva - Chuvas Intensas,31002,0,0,0,0,0,0,31002,2024
RS,Santana da Boa Vista,03/12/2024,13211 - Tempestade Local/Convectiva - Tornados,8244,0,0,0,0,20,0,0,2024
RS,Santana da Boa Vista,06/12/2024,13214 - Tempestade Local/Convectiva - Chuvas Intensas,8244,0,0,0,0,1,0,79,2024
RS,Santana da Boa Vista,03/05/2024,13214 - Tempestade Local/Convectiva - Chuvas Intensas,8244,0,0,0,4,0,0,8240,2024
RS,Santiago,04/05/2024,13214 - Tempestade Local/Convectiva - Chuvas Intensas,49082,0,0,0,6,12,0,49280,2024
RS,Santo Ãngelo,07/05/2024,13214 - Tempestade Local/Convectiva - Chuvas Intensas,76304,0,0,0,0,0,0,76304,2024
RS,Santo Ãngelo,25/01/2024,13214 - Tempestade Local/Convectiva - Chuvas Intensas,76304,0,0,0,0,0,0,15000,2024
RS,Santo Antônio da Patrulha,09/05/2024,13214 - Tempestade Local/Convectiva - Chuvas Intensas,39679,0,0,0,0,0,0,9886,2024
RS,Santo Antônio da Patrulha,26/03/2024,13214 - Tempestade Local/Convectiva - Chuvas Intensas,39679,0,0,0,0,0,0,0,2024
RS,Santo Antônio da Patrulha,22/01/2024,13215 - Tempestade Local/Convectiva - Vendaval,39679,0,0,0,0,0,0,154,2024
RS,Santo Antônio da Patrulha,11/01/2024,13214 - Tempestade Local/Convectiva - Chuvas Intensas,39679,0,0,0,0,0,0,0,2024
RS,Santo Antônio da Patrulha,11/01/2024,13214 - Tempestade Local/Convectiva - Chuvas Intensas,39679,0,0,0,0,18,0,0,2024
RS,Santo Antônio das Missões,19/06/2024,13215 - Tempestade Local/Convectiva - Vendaval,11210,0,0,0,0,0,0,520,2024
RS,Santo Antônio do Palma,06/05/2024,13214 - Tempestade Local/Convectiva - Chuvas Intensas,2139,0,0,0,0,6,0,2133,2024
RS,Santo Augusto,03/05/2024,13214 - Tempestade Local/Convectiva - Chuvas Intensas,13970,0,0,0,0,0,0,13970,2024
RS,Santo Cristo,06/05/2024,13214 - Tempestade Local/Convectiva - Chuvas Intensas,14378,0,0,0,0,0,0,15320,2024
RS,Santo Expedito do Sul,06/05/2024,13214 - Tempestade Local/Convectiva - Chuvas Intensas,2461,0,0,0,0,0,0,2461,2024
RS,Santo Expedito do Sul,22/01/2024,13214 - Tempestade Local/Convectiva - Chuvas Intensas,2461,0,0,0,0,0,0,2349,2024
RS,Sapiranga,05/05/2024,13214 - Tempestade Local/Convectiva - Chuvas Intensas,75020,0,0,0,55,273,0,2500,2024
RS,Sapucaia do Sul,05/05/2024,13214 - Tempestade Local/Convectiva - Chuvas Intensas,130988,0,0,0,550,5000,0,56000,2024
RS,Sarandi,03/05/2024,13214 - Tempestade Local/Convectiva - Chuvas Intensas,21312,0,0,0,35,845,0,20432,2024
RS,Seberi,03/05/2024,13214 - Tempestade Local/Convectiva - Chuvas Intensas,10902,0,0,0,20,60,0,11870,2024
RS,Sede Nova,06/05/2024,13214 - Tempestade Local/Convectiva - Chuvas Intensas,3011,0,0,0,0,0,0,0,2024
RS,Sede Nova,02/01/2024,13215 - Tempestade Local/Convectiva - Vendaval,3011,0,0,0,0,25,0,367,2024
RS,Segredo,25/06/2024,13213 - Tempestade Local/Convectiva - Granizo,7158,0,0,0,0,0,0,1156,2024
RS,Segredo,03/05/2024,13214 - Tempestade Local/Convectiva - Chuvas Intensas,7158,0,0,0,0,0,0,6009,2024
RS,Selbach,06/05/2024,12300 - Alagamentos,4929,0,0,0,0,0,0,0,2024
RS,Senador Salgado Filho,06/05/2024,13214 - Tempestade Local/Convectiva - Chuvas Intensas,2814,0,0,0,0,0,0,2673,2024
RS,Sentinela do Sul,04/05/2024,13214 - Tempestade Local/Convectiva - Chuvas Intensas,5197,0,0,0,4,0,0,687,2024
RS,Serafina Corrêa,11/06/2024,13214 - Tempestade Local/Convectiva - Chuvas Intensas,14243,2,3,0,0,76,0,17993,2024
RS,Serafina Corrêa,02/05/2024,13214 - Tempestade Local/Convectiva - Chuvas Intensas,14243,2,3,0,106,466,1,16383,2024
RS,Sertão,06/05/2024,13214 - Tempestade Local/Convectiva - Chuvas Intensas,6294,0,0,0,0,0,0,6294,2024
RS,Sertão Santana,07/05/2024,13214 - Tempestade Local/Convectiva - Chuvas Intensas,5850,0,0,0,500,3,0,1800,2024
RS,Sete de Setembro,10/05/2024,13214 - Tempestade Local/Convectiva - Chuvas Intensas,2126,0,0,0,0,0,0,1830,2024
RS,Severiano de Almeida,03/05/2024,13214 - Tempestade Local/Convectiva - Chuvas Intensas,3842,0,0,0,0,180,0,3662,2024
RS,Silveira Martins,07/05/2024,13214 - Tempestade Local/Convectiva - Chuvas Intensas,2452,1,0,0,24,200,0,2227,2024
RS,Sinimbu,01/05/2024,13214 - Tempestade Local/Convectiva - Chuvas Intensas,10067,0,0,0,800,1200,0,6578,2024
RS,Sinimbu,21/01/2024,13215 - Tempestade Local/Convectiva - Vendaval,10067,0,0,0,0,0,0,8578,2024
RS,Sobradinho,06/05/2024,13214 - Tempestade Local/Convectiva - Chuvas Intensas,14285,0,0,0,510,140,0,13576,2024
RS,Sobradinho,14/02/2024,13214 - Tempestade Local/Convectiva - Chuvas Intensas,14285,0,0,0,0,0,0,633,2024
RS,Soledade,26/09/2024,13215 - Tempestade Local/Convectiva - Vendaval,30065,0,0,0,0,0,0,84,2024
RS,Soledade,03/05/2024,13214 - Tempestade Local/Convectiva - Chuvas Intensas,30065,0,0,0,15,25,0,30025,2024
RS,Soledade,22/03/2024,13215 - Tempestade Local/Convectiva - Vendaval,30065,0,0,0,0,0,0,4800,2024
RS,Tabaí,01/05/2024,13214 - Tempestade Local/Convectiva - Chuvas Intensas,4131,0,0,0,0,0,0,50,2024
RS,Tabaí,24/01/2024,12200 - Enxurradas,4131,0,0,0,0,0,0,56,2024
RS,Tapera,06/05/2024,13214 - Tempestade Local/Convectiva - Chuvas Intensas,10452,0,0,0,26,10,0,0,2024
RS,Tapes,17/05/2024,13214 - Tempestade Local/Convectiva - Chuvas Intensas,16649,0,0,0,72,608,0,2320,2024
RS,Taquara,06/05/2024,13214 - Tempestade Local/Convectiva - Chuvas Intensas,54656,2,0,0,439,8800,0,6747,2024
RS,Taquara,19/01/2024,13215 - Tempestade Local/Convectiva - Vendaval,54656,0,0,0,0,104,0,10000,2024
RS,Taquari,01/05/2024,13214 - Tempestade Local/Convectiva - Chuvas Intensas,26135,0,0,0,90,894,0,24214,2024
RS,Taquaruçu do Sul,03/05/2024,13214 - Tempestade Local/Convectiva - Chuvas Intensas,2970,0,0,0,0,15,0,3104,2024
RS,Tavares,03/10/2024,13214 - Tempestade Local/Convectiva - Chuvas Intensas,5351,0,0,0,0,6,0,556,2024
RS,Tavares,09/05/2024,12300 - Alagamentos,5351,0,0,0,0,0,0,1800,2024
RS,Tenente Portela,06/05/2024,13214 - Tempestade Local/Convectiva - Chuvas Intensas,13716,0,0,0,0,12,0,13704,2024
RS,Tenente Portela,03/01/2024,13215 - Tempestade Local/Convectiva - Vendaval,13716,0,0,0,0,80,0,14417,2024
RS,Terra de Areia,21/05/2024,13214 - Tempestade Local/Convectiva - Chuvas Intensas,9878,0,0,0,0,40,0,100,2024
RS,Teutônia,01/05/2024,13214 - Tempestade Local/Convectiva - Chuvas Intensas,27265,0,0,0,21,250,3,0,2024
RS,Teutônia,17/01/2024,13215 - Tempestade Local/Convectiva - Vendaval,27265,0,0,0,0,3,0,84,2024
RS,Tio Hugo,23/06/2024,13214 - Tempestade Local/Convectiva - Chuvas Intensas,2724,0,0,0,0,0,0,3267,2024
RS,Tiradentes do Sul,04/05/2024,13214 - Tempestade Local/Convectiva - Chuvas Intensas,6461,0,0,0,0,0,0,6461,2024
RS,Toropi,04/05/2024,13214 - Tempestade Local/Convectiva - Chuvas Intensas,2952,0,0,0,0,11,0,0,2024
RS,Torres,02/05/2024,13214 - Tempestade Local/Convectiva - Chuvas Intensas,34646,0,4,0,0,6,0,60,2024
RS,Três Arroios,06/05/2024,13214 - Tempestade Local/Convectiva - Chuvas Intensas,2855,0,0,0,0,11,0,2580,2024
RS,Três Cachoeiras,07/05/2024,13214 - Tempestade Local/Convectiva - Chuvas Intensas,10239,0,0,0,0,0,0,0,2024
RS,Três Coroas,05/05/2024,13214 - Tempestade Local/Convectiva - Chuvas Intensas,23855,3,0,0,1120,18200,0,0,2024
RS,Três de Maio,27/05/2024,13214 - Tempestade Local/Convectiva - Chuvas Intensas,23726,0,0,0,0,0,0,1900,2024
RS,Três de Maio,07/05/2024,12200 - Enxurradas,23726,0,0,0,0,8,0,23718,2024
RS,Três Forquilhas,05/05/2024,13214 - Tempestade Local/Convectiva - Chuvas Intensas,2912,0,0,0,0,384,0,508,2024
RS,Três Palmeiras,03/05/2024,13214 - Tempestade Local/Convectiva - Chuvas Intensas,4381,0,0,0,0,0,0,4617,2024
RS,Três Palmeiras,03/01/2024,13215 - Tempestade Local/Convectiva - Vendaval,4381,0,0,0,0,30,0,4686,2024
RS,Três Passos,04/05/2024,13214 - Tempestade Local/Convectiva - Chuvas Intensas,23973,0,0,0,0,0,0,25436,2024
RS,Tramandaí,14/10/2024,13215 - Tempestade Local/Convectiva - Vendaval,41655,0,0,0,0,0,0,6,2024
RS,Travesseiro,03/05/2024,13214 - Tempestade Local/Convectiva - Chuvas Intensas,2314,2,20,3,40,350,1,2152,2024
RS,Trindade do Sul,03/05/2024,13214 - Tempestade Local/Convectiva - Chuvas Intensas,5787,0,0,0,0,24,0,5763,2024
RS,Triunfo,07/05/2024,13214 - Tempestade Local/Convectiva - Chuvas Intensas,25811,0,0,0,937,8000,0,18561,2024
RS,Tucunduva,03/05/2024,13214 - Tempestade Local/Convectiva - Chuvas Intensas,5901,0,0,0,0,0,0,5901,2024
RS,Tunas,06/05/2024,13214 - Tempestade Local/Convectiva - Chuvas Intensas,4395,0,0,0,0,120,0,3561,2024
RS,Tupanciretã,04/05/2024,13214 - Tempestade Local/Convectiva - Chuvas Intensas,22286,0,0,0,1,46,0,19958,2024
RS,Tupandi,02/05/2024,13214 - Tempestade Local/Convectiva - Chuvas Intensas,3919,0,0,0,0,50,0,4979,2024
RS,Tuparendi,06/05/2024,13214 - Tempestade Local/Convectiva - Chuvas Intensas,8557,0,0,0,0,0,0,8557,2024
RS,Turuçu,15/05/2024,13214 - Tempestade Local/Convectiva - Chuvas Intensas,3522,0,0,0,0,0,0,1400,2024
RS,Ubiretama,06/05/2024,13214 - Tempestade Local/Convectiva - Chuvas Intensas,2296,0,0,0,0,0,0,2296,2024
RS,União da Serra,04/05/2024,13214 - Tempestade Local/Convectiva - Chuvas Intensas,1487,0,0,0,0,0,0,1080,2024
RS,Uruguaiana,07/05/2024,12100 - Inundações,125507,0,0,0,297,1836,0,1200,2024
RS,Uruguaiana,16/03/2024,13214 - Tempestade Local/Convectiva - Chuvas Intensas,125507,0,0,0,0,0,0,3360,2024
RS,Vacaria,13/09/2024,13213 - Tempestade Local/Convectiva - Granizo,61345,0,0,0,0,0,0,0,2024
RS,Vacaria,07/05/2024,13214 - Tempestade Local/Convectiva - Chuvas Intensas,61345,0,0,0,0,0,0,64817,2024
RS,Vacaria,14/05/2024,13214 - Tempestade Local/Convectiva - Chuvas Intensas,61345,0,0,0,0,10,0,0,2024
RS,Vacaria,19/01/2024,13215 - Tempestade Local/Convectiva - Vendaval,61345,0,0,0,0,0,0,0,2024
RS,Vacaria,19/01/2024,13215 - Tempestade Local/Convectiva - Vendaval,61345,0,0,0,0,0,0,0,2024
RS,Vale do Sol,03/05/2024,13214 - Tempestade Local/Convectiva - Chuvas Intensas,11077,1,0,0,16,300,0,2000,2024
RS,Vale do Sol,23/01/2024,13215 - Tempestade Local/Convectiva - Vendaval,11077,0,0,0,0,0,0,1200,2024
RS,Vale Real,04/05/2024,13214 - Tempestade Local/Convectiva - Chuvas Intensas,5121,0,10,0,300,1200,0,4548,2024
RS,Vale Verde,28/05/2024,13214 - Tempestade Local/Convectiva - Chuvas Intensas,3253,0,0,0,0,73,0,1613,2024
RS,Vale Verde,03/05/2024,12100 - Inundações,3253,0,0,0,100,0,0,1300,2024
RS,Vanini,09/01/2024,13213 - Tempestade Local/Convectiva - Granizo,1984,0,0,0,0,0,0,100,2024
RS,Venâncio Aires,04/05/2024,13214 - Tempestade Local/Convectiva - Chuvas Intensas,65964,2,19,0,391,23235,0,0,2024
RS,Venâncio Aires,26/01/2024,13215 - Tempestade Local/Convectiva - Vendaval,65964,0,0,0,0,0,0,0,2024
RS,Vera Cruz,27/12/2024,13214 - Tempestade Local/Convectiva - Chuvas Intensas,23986,0,200,0,200,2000,3,24317,2024
RS,Vera Cruz,01/05/2024,13214 - Tempestade Local/Convectiva - Chuvas Intensas,23986,0,200,0,150,2000,0,24320,2024
RS,Veranópolis,06/05/2024,13214 - Tempestade Local/Convectiva - Chuvas Intensas,22815,5,21,0,146,348,1,22815,2024
RS,Vespasiano Correa,03/05/2024,13214 - Tempestade Local/Convectiva - Chuvas Intensas,1974,0,12,0,0,126,0,1680,2024
RS,Viadutos,06/05/2024,13214 - Tempestade Local/Convectiva - Chuvas Intensas,5311,0,0,0,0,15,0,4754,2024
RS,Viamão,10/05/2024,13214 - Tempestade Local/Convectiva - Chuvas Intensas,239234,0,0,0,11,378,0,0,2024
RS,Viamão,09/05/2024,13214 - Tempestade Local/Convectiva - Chuvas Intensas,239234,0,0,0,11,378,0,0,2024
RS,Vicente Dutra,03/05/2024,13214 - Tempestade Local/Convectiva - Chuvas Intensas,5285,0,0,0,0,36,0,5249,2024
RS,Victor Graeff,06/05/2024,12200 - Enxurradas,3036,0,0,0,0,3,0,0,2024
RS,Victor Graeff,08/05/2024,13214 - Tempestade Local/Convectiva - Chuvas Intensas,3036,0,0,0,0,3,0,3033,2024
RS,Vila Flores,04/05/2024,12200 - Enxurradas,3207,0,0,0,0,0,0,200,2024
RS,Vila Maria,04/05/2024,13214 - Tempestade Local/Convectiva - Chuvas Intensas,4221,0,0,0,60,25,0,0,2024
RS,Vila Nova do Sul,06/05/2024,13214 - Tempestade Local/Convectiva - Chuvas Intensas,4221,0,0,0,0,7,0,250,2024
RS,Vila Nova do Sul,25/03/2024,13215 - Tempestade Local/Convectiva - Vendaval,4221,0,0,0,0,6,0,0,2024
RS,Vista Alegre,05/05/2024,13214 - Tempestade Local/Convectiva - Chuvas Intensas,2832,0,0,0,0,0,0,2832,2024
RS,Vista Alegre,20/03/2024,12200 - Enxurradas,2832,0,0,0,0,0,0,0,2024
RS,Vista Alegre do Prata,03/05/2024,13214 - Tempestade Local/Convectiva - Chuvas Intensas,1569,0,2,0,5,17,0,0,2024
RS,Vista Alegre do Prata,03/05/2024,13214 - Tempestade Local/Convectiva - Chuvas Intensas,1569,0,2,0,5,17,0,0,2024
RS,Vista Gaúcha,06/05/2024,13214 - Tempestade Local/Convectiva - Chuvas Intensas,2759,0,0,0,0,56,0,2727,2024
RS,Vitória das Missões,07/05/2024,13214 - Tempestade Local/Convectiva - Chuvas Intensas,3485,0,0,0,0,0,0,3485,2024
RS,Vitória das Missões,17/01/2024,13213 - Tempestade Local/Convectiva - Granizo,3485,0,0,0,0,31,0,99,2024
RS,Westfalia,06/05/2024,13214 - Tempestade Local/Convectiva - Chuvas Intensas,2793,0,0,0,0,87,0,2706,2024
