"CD_MUN","Sum(PRECIPITAÇÃO TOTAL, HORÁRIO (mm))","municipio","UF","População","DH_Mortos","DH_Feridos","DH_Enfermos","DH_Desabrigados","DH_Desalojados","DH_Desaparecidos","Registro","Protocolo","COBRADE","Status","DH_Outros Afetados","COBRADE_COD","Year"
3304607,1106.0000000000048,"SANTA MARIA MADALENA","RJ",10321,0,0,0,0,0,0,"2024-12-30","RJ-F-3304607-11321-20241229","11321 - Deslizamentos","Registro",0,11321,2024
3139409,,"MANHUACU","MG",79635,0,0,0,0,0,0,"2024-12-30","MG-F-3139409-11321-20241229","11321 - Deslizamentos","Registro",0,11321,2024
3300902,488.7999999999994,"CAMBUCI","RJ",14829,0,0,0,0,9,0,"2024-12-28","RJ-F-3300902-12200-20241227","12200 - Enxurradas","Registro",7,12200,2024
3136702,1600.6000000000085,"JUIZ DE FORA","MG",517872,0,0,0,0,0,0,"2024-12-27","MG-F-3136702-13214-20241226","13214 - Tempestade Local/Convectiva - Chuvas Intensas","Registro",0,13214,2024
5003306,961.6000000000021,"COXIM","MS",32180,0,0,0,0,0,0,"2024-12-26","MS-F-5003306-12300-20241225","12300 - Alagamentos","Registro",0,12300,2024
4314902,4087.5999999999713,"PORTO ALEGRE","RS",1409939,0,0,0,0,0,0,"2024-12-25","RS-F-4314902-13214-20241224","13214 - Tempestade Local/Convectiva - Chuvas Intensas","Não reconhecido",0,13214,2024
3136702,1600.6000000000085,"JUIZ DE FORA","MG",517872,0,0,0,0,0,0,"2024-12-23","MG-F-3136702-13214-20241222","13214 - Tempestade Local/Convectiva - Chuvas Intensas","Registro",540756,13214,2024
4211652,1905.4000000000087,"NOVO HORIZONTE","SP",36612,0,0,0,0,0,0,"2024-12-26","SP-F-3533502-13214-20241221","13214 - Tempestade Local/Convectiva - Chuvas Intensas","Registro",0,13214,2024
5107305,2028.0000000000068,"SAO JOSE DO RIO CLARO","MT",17128,0,0,0,0,28,0,"2024-12-23","MT-F-5107305-13214-20241221","13214 - Tempestade Local/Convectiva - Chuvas Intensas","Reconhecido",0,13214,2024
3105608,1850.4000000000096,"BARBACENA","MG",126325,0,0,0,0,11,0,"2024-12-28","MG-F-3105608-13214-20241220","13214 - Tempestade Local/Convectiva - Chuvas Intensas","Registro",600,13214,2024
1506187,283.99999999999994,"RONDON DO PARA","PA",46974,0,0,0,0,0,0,"2024-12-18","PA-F-1506187-13214-20241217","13214 - Tempestade Local/Convectiva - Chuvas Intensas","Registro",5800,13214,2024
5007935,1416.2000000000025,"SONORA","MS",14867,0,0,0,0,0,0,"2024-12-18","MS-F-5007935-12200-20241217","12200 - Enxurradas","Registro",0,12200,2024
3167202,1448.0000000000057,"SETE LAGOAS","MG",214071,0,0,0,14,23,0,"2024-12-25","MG-F-3167202-12300-20241217","12300 - Alagamentos","Registro",0,12300,2024
3136702,1600.6000000000085,"JUIZ DE FORA","MG",517872,0,0,0,0,0,0,"2024-12-18","MG-F-3136702-13215-20241216","13215 - Tempestade Local/Convectiva - Vendaval","Registro",0,13215,2024
3161700,1355.4000000000049,"SAO GONCALO DO ABAETE","MG",6252,0,0,0,0,0,0,"2024-12-18","MG-F-3161700-13215-20241214","13215 - Tempestade Local/Convectiva - Vendaval","Registro",0,13215,2024
5001904,1374.4000000000033,"BATAGUASSU","MS",19825,0,0,0,0,0,0,"2024-12-17","MS-F-5001904-12300-20241214","12300 - Alagamentos","Registro",0,12300,2024
4106902,1284.6000000000042,"CURITIBA","PR",1746896,0,0,0,5,0,0,"2024-12-19","PR-F-4106902-11321-20241212","11321 - Deslizamentos","Registro",12,11321,2024
3136702,1600.6000000000085,"JUIZ DE FORA","MG",517872,0,0,0,0,0,0,"2024-12-17","MG-F-3136702-13214-20241210","13214 - Tempestade Local/Convectiva - Chuvas Intensas","Registro",48750,13214,2024
5001904,1374.4000000000033,"BATAGUASSU","MS",19825,0,0,0,0,0,0,"2024-12-17","MS-F-5001904-24200-20241209","24200 - Rompimento/colapso de barragens","Registro",0,24200,2024
3505302,1114.2000000000028,"BARRA BONITA","SC",1878,0,0,0,0,7,0,"2024-12-11","SC-F-4202099-12100-20241208","12100 - Inundações","Registro",21,12100,2024
4106902,1284.6000000000042,"CURITIBA","PR",1746896,0,0,0,0,7,0,"2024-12-16","PR-F-4106902-11321-20241208","11321 - Deslizamentos","Registro",0,11321,2024
4107207,2420.800000000006,"DOIS VIZINHOS","PR",36198,0,0,0,0,0,0,"2024-12-16","PR-F-4107207-12200-20241207","12200 - Enxurradas","Reconhecido",1260,12200,2024
4205001,2594.0000000000023,"DIONISIO CERQUEIRA","SC",14801,0,0,0,0,1,0,"2024-12-07","SC-F-4205001-12200-20241207","12200 - Enxurradas","Reconhecido",2999,12200,2024
4111407,702.1999999999997,"IVAI","PR",12806,0,0,0,0,2,0,"2024-12-26","PR-F-4111407-13214-20241206","13214 - Tempestade Local/Convectiva - Chuvas Intensas","Reconhecido",500,13214,2024
4315602,1871.6000000000088,"RIO GRANDE","RS",197253,0,0,0,0,0,0,"2024-12-16","RS-F-4315602-13215-20241206","13215 - Tempestade Local/Convectiva - Vendaval","Registro",10000,13215,2024
2613909,764.6000000000023,"SERRA TALHADA","PE",79241,0,0,0,0,0,0,"2024-12-04","PE-F-2613909-13213-20241204","13213 - Tempestade Local/Convectiva - Granizo","Registro",0,13213,2024
5004700,1051.600000000001,"IVINHEMA","MS",22355,0,0,0,0,0,0,"2024-12-09","MS-F-5004700-12200-20241204","12200 - Enxurradas","Registro",0,12200,2024
1702109,1679.4000000000028,"ARAGUAINA","TO",150520,0,0,0,0,0,0,"2024-12-04","TO-F-1702109-12300-20241204","12300 - Alagamentos","Registro",0,12300,2024
3139409,,"MANHUACU","MG",79635,0,0,0,0,0,0,"2024-12-05","MG-F-3139409-13214-20241204","13214 - Tempestade Local/Convectiva - Chuvas Intensas","Registro",4000,13214,2024
5007935,1416.2000000000025,"SONORA","MS",14867,0,0,0,0,0,0,"2024-12-03","MS-F-5007935-13214-20241203","13214 - Tempestade Local/Convectiva - Chuvas Intensas","Registro",0,13214,2024
3112307,733.0000000000064,"CAPELINHA","MG",34796,0,0,0,2,26,0,"2024-12-11","MG-F-3112307-13214-20241202","13214 - Tempestade Local/Convectiva - Chuvas Intensas","Reconhecido",39598,13214,2024
4204806,1884.8000000000088,"CURITIBANOS","SC",37774,0,0,0,0,0,0,"2024-12-03","SC-F-4204806-13215-20241202","13215 - Tempestade Local/Convectiva - Vendaval","Registro",0,13215,2024
3157005,1481.8000000000059,"SALINAS","MG",39182,0,0,0,0,32,0,"2024-12-02","MG-F-3157005-13214-20241201","13214 - Tempestade Local/Convectiva - Chuvas Intensas","Reconhecido",12000,13214,2024
4106902,1284.6000000000042,"CURITIBA","PR",1746896,0,0,0,0,0,0,"2024-12-02","PR-F-4106902-13215-20241129","13215 - Tempestade Local/Convectiva - Vendaval","Registro",108,13215,2024
5001904,1374.4000000000033,"BATAGUASSU","MS",19825,0,0,0,0,0,0,"2024-12-03","MS-F-5001904-12300-20241129","12300 - Alagamentos","Registro",0,12300,2024
1508084,384.59999999999957,"TUCUMA","PA",33651,0,0,0,0,2,0,"2024-12-02","PA-F-1508084-12300-20241127","12300 - Alagamentos","Registro",8,12300,2024
5100201,1851.0000000000048,"ÁGUA BOA","MT",20844,0,0,0,0,4,0,"2024-11-27","MT-F-5100201-12300-20241125","12300 - Alagamentos","Registro",0,12300,2024
3161700,1355.4000000000049,"SAO GONCALO DO ABAETE","MG",6252,0,0,0,0,0,0,"2024-11-26","MG-F-3161700-12300-20241122","12300 - Alagamentos","Registro",0,12300,2024
3205069,1489.4000000000085,"VENDA NOVA DO IMIGRANTE","ES",20468,0,0,0,7,1,0,"2024-11-22","ES-F-3205069-13214-20241121","13214 - Tempestade Local/Convectiva - Chuvas Intensas","Registro",0,13214,2024
3106200,5699.399999999939,"BELO HORIZONTE","MG",2375444,0,0,0,0,0,0,"2024-11-22","MG-F-3106200-24200-20241113","24200 - Rompimento/colapso de barragens","Registro",2375444,24200,2024
5004700,1051.600000000001,"IVINHEMA","MS",22355,0,0,0,0,0,0,"2024-11-12","MS-F-5004700-13215-20241107","13215 - Tempestade Local/Convectiva - Vendaval","Registro",0,13215,2024
4204202,2097.8000000000043,"CHAPECO","SC",183561,0,0,0,0,0,0,"2024-11-08","SC-F-4204202-12300-20241107","12300 - Alagamentos","Registro",0,12300,2024
4108502,1815.4000000000076,"GENERAL CARNEIRO","PR",13667,1,0,0,0,270,0,"2024-11-13","PR-F-4108502-12100-20241107","12100 - Inundações","Não reconhecido",4100,12100,2024
5002159,964.600000000003,"BODOQUENA","MS",7986,0,0,0,0,14,0,"2024-11-04","MS-F-5002159-12200-20241103","12200 - Enxurradas","Registro",26,12200,2024
5003306,961.6000000000021,"COXIM","MS",32180,0,0,0,1,3,0,"2024-11-04","MS-F-5003306-13212-20241102","13212 - Tempestade Local/Convectiva - Tempestade de Raios","Registro",0,13212,2024
3200300,1626.000000000007,"ALFREDO CHAVES","ES",13960,0,0,0,0,0,0,"2024-10-30","ES-F-3200300-13214-20241029","13214 - Tempestade Local/Convectiva - Chuvas Intensas","Registro",0,13214,2024
3304607,1106.0000000000048,"SANTA MARIA MADALENA","RJ",10321,0,0,0,0,10,0,"2024-11-14","RJ-F-3304607-11321-20241028","11321 - Deslizamentos","Registro",0,11321,2024
3128006,1407.800000000005,"GUANHAES","MG",31266,0,0,0,0,0,0,"2024-10-29","MG-F-3128006-13214-20241028","13214 - Tempestade Local/Convectiva - Chuvas Intensas","Registro",0,13214,2024
3170107,1508.000000000005,"UBERABA","MG",296000,0,0,0,0,100,0,"2024-10-29","MG-F-3170107-13214-20241026","13214 - Tempestade Local/Convectiva - Chuvas Intensas","Reconhecido",337736,13214,2024
3136702,1600.6000000000085,"JUIZ DE FORA","MG",517872,0,0,0,0,0,0,"2024-10-28","MG-F-3136702-13214-20241026","13214 - Tempestade Local/Convectiva - Chuvas Intensas","Registro",0,13214,2024
3301702,1595.4000000000115,"DUQUE DE CAXIAS","RJ",855046,0,0,0,0,0,0,"2024-10-25","RJ-F-3301702-13215-20241024","13215 - Tempestade Local/Convectiva - Vendaval","Registro",0,13215,2024
4219002,2081.80000000001,"URUSSANGA","SC",20222,0,0,0,0,5,0,"2024-10-25","SC-F-4219002-13215-20241024","13215 - Tempestade Local/Convectiva - Vendaval","Registro",80,13215,2024
4307005,2246.2000000000053,"ERECHIM","RS",96105,0,2,0,0,0,0,"2024-10-29","RS-F-4307005-13215-20241024","13215 - Tempestade Local/Convectiva - Vendaval","Registro",0,13215,2024
2611101,64.40000000000002,"PETROLINA","PE",294081,0,0,0,0,0,0,"2024-10-23","PE-F-2611101-13214-20241018","13214 - Tempestade Local/Convectiva - Chuvas Intensas","Registro",0,13214,2024
1200344,,"MANOEL URBANO","AC",7989,0,0,0,3,0,0,"2024-10-14","AC-F-1200344-13215-20241013","13215 - Tempestade Local/Convectiva - Vendaval","Registro",20,13215,2024
4321600,1179.0000000000066,"TRAMANDAI","RS",41655,0,0,0,0,0,0,"2024-10-14","RS-F-4321600-13215-20241011","13215 - Tempestade Local/Convectiva - Vendaval","Registro",6,13215,2024
4208203,2104.4000000000096,"ITAJAI","SC",183388,0,0,0,0,0,0,"2024-10-11","SC-F-4208203-13214-20241010","13214 - Tempestade Local/Convectiva - Chuvas Intensas","Registro",20,13214,2024
1302504,1048.4000000000026,"MANACAPURU","AM",85144,0,6,4,7,0,2,"2024-10-10","AM-F-1302504-11420-20241009","11420 - Erosão de Margem Fluvial","Reconhecido",593,11420,2024
4107207,2420.800000000006,"DOIS VIZINHOS","PR",36198,0,0,0,0,17,0,"2024-10-14","PR-F-4107207-13213-20241009","13213 - Tempestade Local/Convectiva - Granizo","Reconhecido",3600,13213,2024
4314100,2397.5999999999935,"PASSO FUNDO","RS",184869,0,0,0,0,0,0,"2024-10-11","RS-F-4314100-13213-20241002","13213 - Tempestade Local/Convectiva - Granizo","Registro",2280,13213,2024
4306601,1861.6000000000047,"DOM PEDRITO","RS",38916,0,0,0,49,520,0,"2024-10-08","RS-F-4306601-13214-20241001","13214 - Tempestade Local/Convectiva - Chuvas Intensas","Reconhecido",2731,13214,2024
4319802,1736.8000000000054,"SAO VICENTE DO SUL","RS",8440,0,0,0,0,0,0,"2024-10-01","RS-F-4319802-13215-20241001","13215 - Tempestade Local/Convectiva - Vendaval","Registro",18,13215,2024
1507300,333.4,"SAO FELIX DO XINGU","PA",91293,0,0,0,0,12,0,"2024-10-02","PA-F-1507300-13215-20240929","13215 - Tempestade Local/Convectiva - Vendaval","Registro",53,13215,2024
4313706,2236.000000000006,"PALMEIRA DAS MISSOES","RS",34335,0,0,0,0,0,0,"2024-09-27","RS-F-4313706-13215-20240925","13215 - Tempestade Local/Convectiva - Vendaval","Registro",700,13215,2024
4303509,1701.400000000012,"CAMAQUA","RS",62759,0,0,0,0,60,0,"2024-09-25","RS-F-4303509-13214-20240925","13214 - Tempestade Local/Convectiva - Chuvas Intensas","Reconhecido",62699,13214,2024
4304507,1796.2000000000119,"CANGUCU","RS",53268,0,0,0,0,4,0,"2024-09-27","RS-F-4304507-13214-20240925","13214 - Tempestade Local/Convectiva - Chuvas Intensas","Reconhecido",21284,13214,2024
4315602,1871.6000000000088,"RIO GRANDE","RS",197253,0,0,0,43,150,0,"2024-09-27","RS-F-4315602-13214-20240925","13214 - Tempestade Local/Convectiva - Chuvas Intensas","Reconhecido",10000,13214,2024
1508407,1855.2000000000046,"XINGUARA","PA",40573,0,2,0,10,80,0,"2024-09-28","PA-F-1508407-13215-20240924","13215 - Tempestade Local/Convectiva - Vendaval","Registro",24000,13215,2024
4321352,121.6000000000001,"TAVARES","RS",5351,0,0,0,0,6,0,"2024-10-03","RS-F-4321352-13214-20240924","13214 - Tempestade Local/Convectiva - Chuvas Intensas","Reconhecido",556,13214,2024
4311007,2077.800000000009,"JAGUARAO","RS",27942,0,0,0,0,0,0,"2024-09-23","RS-F-4311007-13213-20240923","13213 - Tempestade Local/Convectiva - Granizo","Reconhecido",12000,13213,2024
3105608,1850.4000000000096,"BARBACENA","MG",126325,0,0,0,0,10,0,"2024-09-26","MG-F-3105608-13214-20240921","13214 - Tempestade Local/Convectiva - Chuvas Intensas","Registro",300,13214,2024
5005400,429.99999999999824,"MARACAJU","MS",37407,0,0,0,0,40,0,"2024-09-24","MS-F-5005400-13213-20240920","13213 - Tempestade Local/Convectiva - Granizo","Registro",0,13213,2024
4320800,2256.400000000005,"SOLEDADE","RS",30065,0,0,0,0,0,0,"2024-09-26","RS-F-4320800-13215-20240920","13215 - Tempestade Local/Convectiva - Vendaval","Registro",84,13215,2024
4304507,1796.2000000000119,"CANGUCU","RS",53268,0,0,0,0,0,0,"2024-09-23","RS-F-4304507-13213-20240919","13213 - Tempestade Local/Convectiva - Granizo","Registro",0,13213,2024
4105706,1458.8000000000095,"CLEVELANDIA","PR",17232,0,0,0,0,500,0,"2024-09-17","PR-F-4105706-13215-20240913","13215 - Tempestade Local/Convectiva - Vendaval","Reconhecido",0,13215,2024
4322509,2175.000000000009,"VACARIA","RS",61345,0,0,0,0,0,0,"2024-09-13","RS-F-4322509-13213-20240913","13213 - Tempestade Local/Convectiva - Granizo","Registro",0,13213,2024
1200344,,"MANOEL URBANO","AC",7989,0,0,0,0,0,0,"2024-09-16","AC-F-1200344-13215-20240912","13215 - Tempestade Local/Convectiva - Vendaval","Registro",100,13215,2024
1301209,,"COARI","AM",75909,0,53,235,120,280,0,"2024-09-17","AM-F-1301209-13215-20240910","13215 - Tempestade Local/Convectiva - Vendaval","Reconhecido",122,13215,2024
1504802,1377.6000000000022,"MONTE ALEGRE","PA",55459,0,0,0,0,75,0,"2024-08-29","PA-F-1504802-13215-20240827","13215 - Tempestade Local/Convectiva - Vendaval","Reconhecido",1675,13215,2024
1702208,1663.4000000000055,"ARAGUATINS","TO",31324,0,0,0,0,0,0,"2024-09-03","TO-F-1702208-13215-20240810","13215 - Tempestade Local/Convectiva - Vendaval","Registro",0,13215,2024
3205309,1066.4000000000033,"VITORIA","ES",325453,0,0,0,0,8,0,"2024-11-05","ES-F-3205309-13214-20240802","13214 - Tempestade Local/Convectiva - Chuvas Intensas","Registro",16,13214,2024
1200401,1849.0000000000034,"RIO BRANCO","AC",335796,0,0,0,0,0,0,"2024-08-05","AC-F-1200401-11420-20240729","11420 - Erosão de Margem Fluvial","Reconhecido",56,11420,2024
1200302,2226.000000000003,"FEIJO","AC",32311,0,0,0,50,0,0,"2024-08-05","AC-F-1200302-11420-20240729","11420 - Erosão de Margem Fluvial","Reconhecido",250,11420,2024
4208500,1977.6000000000147,"ITUPORANGA","SC",22255,0,0,0,0,16,0,"2024-07-16","SC-F-4208500-13214-20240707","13214 - Tempestade Local/Convectiva - Chuvas Intensas","Registro",0,13214,2024
2504009,533.999999999998,"CAMPINA GRANDE","PB",385276,0,0,0,0,0,0,"2024-07-09","PB-F-2504009-11321-20240707","11321 - Deslizamentos","Registro",0,11321,2024
3301009,1853.2000000000128,"CAMPOS DOS GOYTACAZES","RJ",463545,0,0,0,0,0,0,"2024-07-02","RJ-F-3301009-13112-20240629","13112 - Ciclones - Marés de Tempestade (Ressacas)","Registro",0,13112,2024
4302105,2358.199999999997,"BENTO GONCALVES","RS",107341,0,0,0,0,0,0,"2024-06-24","RS-F-4302105-13213-20240623","13213 - Tempestade Local/Convectiva - Granizo","Registro",65,13213,2024
2414407,30.19999999999998,"TOUROS","RN",31076,0,0,0,8,168,0,"2024-07-03","RN-F-2414407-13214-20240623","13214 - Tempestade Local/Convectiva - Chuvas Intensas","Reconhecido",1080,13214,2024
2930501,274.59999999999945,"SERRINHA","RN",6581,0,0,0,240,120,0,"2024-06-19","RN-F-2413508-13214-20240619","13214 - Tempestade Local/Convectiva - Chuvas Intensas","Registro",1000,13214,2024
4311007,2077.800000000009,"JAGUARAO","RS",27942,0,0,0,0,0,0,"2024-06-21","RS-F-4311007-13214-20240619","13214 - Tempestade Local/Convectiva - Chuvas Intensas","Não reconhecido",0,13214,2024
4316907,2204.200000000001,"SANTA MARIA","RN",4762,0,0,0,0,0,0,"2024-07-10","RN-F-2409332-13214-20240617","13214 - Tempestade Local/Convectiva - Chuvas Intensas","Registro",0,13214,2024
4306106,1888.0000000000057,"CRUZ ALTA","RS",62825,0,0,0,0,0,0,"2024-06-21","RS-F-4306106-13214-20240616","13214 - Tempestade Local/Convectiva - Chuvas Intensas","Registro",200,13214,2024
4318903,1878.4000000000055,"SAO LUIZ GONZAGA","RS",34558,0,1,0,0,400,0,"2024-06-16","RS-F-4318903-13215-20240615","13215 - Tempestade Local/Convectiva - Vendaval","Reconhecido",15000,13215,2024
4302105,2358.199999999997,"BENTO GONCALVES","RS",107341,0,0,0,0,0,0,"2024-06-24","RS-F-4302105-13214-20240615","13214 - Tempestade Local/Convectiva - Chuvas Intensas","Registro",0,13214,2024
4209300,1982.2000000000103,"LAGES","SC",156737,0,0,0,0,0,0,"2024-06-18","SC-F-4209300-13214-20240613","13214 - Tempestade Local/Convectiva - Chuvas Intensas","Não reconhecido",6000,13214,2024
2800308,1431.4000000000058,"ARACAJU","SE",570937,0,0,0,22,0,0,"2024-11-28","SE-F-2800308-11321-20240613","11321 - Deslizamentos","Registro",0,11321,2024
1200302,2226.000000000003,"FEIJO","AC",32311,0,0,0,0,0,0,"2024-08-05","AC-F-1200302-11321-20240601","11321 - Deslizamentos","Registro",0,11321,2024
4202503,3218.3999999999655,"BOM JARDIM DA SERRA","SC",4400,0,0,0,0,0,0,"2024-06-24","SC-F-4202503-13214-20240531","13214 - Tempestade Local/Convectiva - Chuvas Intensas","Não reconhecido",411,13214,2024
2414407,30.19999999999998,"TOUROS","RN",31076,0,0,0,0,67,0,"2024-06-04","RN-F-2414407-12300-20240530","12300 - Alagamentos","Registro",680,12300,2024
4207502,1944.8000000000109,"INDAIAL","SC",54794,0,0,0,0,0,0,"2024-06-12","SC-F-4207502-11321-20240528","11321 - Deslizamentos","Registro",0,11321,2024
4207502,1944.8000000000109,"INDAIAL","SC",54794,0,0,0,0,0,0,"2024-05-29","SC-F-4207502-11321-20240524","11321 - Deslizamentos","Registro",0,11321,2024
1303403,2779.3999999999996,"PARINTINS","AM",102066,0,0,0,11,1240,0,"2024-05-30","AM-F-1303403-13214-20240524","13214 - Tempestade Local/Convectiva - Chuvas Intensas","Reconhecido",12110,13214,2024
4318903,1878.4000000000055,"SAO LUIZ GONZAGA","RS",34558,0,0,0,0,0,0,"2024-05-30","RS-F-4318903-13214-20240523","13214 - Tempestade Local/Convectiva - Chuvas Intensas","Reconhecido",34558,13214,2024
1508001,2011.0000000000093,"TOME-ACU","PA",56514,0,0,0,9,1380,0,"2024-05-30","PA-F-1508001-13214-20240521","13214 - Tempestade Local/Convectiva - Chuvas Intensas","Reconhecido",17200,13214,2024
1500602,2104.800000000006,"ALTAMIRA","PA",105030,0,0,0,0,0,0,"2024-05-23","PA-F-1500602-13214-20240520","13214 - Tempestade Local/Convectiva - Chuvas Intensas","Registro",200,13214,2024
4207502,1944.8000000000109,"INDAIAL","SC",54794,0,0,0,0,0,0,"2024-05-27","SC-F-4207502-13214-20240519","13214 - Tempestade Local/Convectiva - Chuvas Intensas","Registro",0,13214,2024
3204906,1371.2000000000069,"SAO MATEUS","ES",109067,0,0,0,0,0,0,"2024-07-09","ES-F-3204906-11321-20240518","11321 - Deslizamentos","Registro",0,11321,2024
3301009,1853.2000000000128,"CAMPOS DOS GOYTACAZES","RJ",463545,0,0,0,0,0,0,"2024-05-22","RJ-F-3301009-13112-20240516","13112 - Ciclones - Marés de Tempestade (Ressacas)","Registro",0,13112,2024
4306601,1861.6000000000047,"DOM PEDRITO","RS",38916,0,0,0,0,0,0,"2024-05-13","RS-F-4306601-13214-20240513","13214 - Tempestade Local/Convectiva - Chuvas Intensas","Reconhecido",1930,13214,2024
4201406,1865.6000000000126,"ARARANGUA","SC",61339,0,0,0,90,200,0,"2024-05-12","SC-F-4201406-13214-20240512","13214 - Tempestade Local/Convectiva - Chuvas Intensas","Reconhecido",1800,13214,2024
1301902,237.7999999999999,"ITACOATIARA","AM",86840,0,0,0,0,10,0,"2024-05-14","AM-F-1301902-13214-20240512","13214 - Tempestade Local/Convectiva - Chuvas Intensas","Registro",3728,13214,2024
4303608,2193.6000000000054,"CAMBARA DO SUL","RS",6545,0,0,0,0,4,0,"2024-05-13","RS-F-4303608-13215-20240511","13215 - Tempestade Local/Convectiva - Vendaval","Reconhecido",299,13215,2024
1502400,2641.5999999999985,"CASTANHAL","PA",173096,0,0,0,20,980,0,"2024-05-13","PA-F-1502400-13214-20240510","13214 - Tempestade Local/Convectiva - Chuvas Intensas","Reconhecido",6900,13214,2024
1505106,2119.2000000000075,"ÓBIDOS","PA",49254,0,0,0,0,4,0,"2024-05-09","PA-F-1505106-12200-20240509","12200 - Enxurradas","Registro",75,12200,2024
1505106,2119.2000000000075,"ÓBIDOS","PA",49254,0,0,0,16,1072,0,"2024-05-10","PA-F-1505106-13214-20240509","13214 - Tempestade Local/Convectiva - Chuvas Intensas","Reconhecido",6164,13214,2024
4304663,1911.8000000000081,"CAPAO DO LEAO","RS",24294,0,0,0,0,0,0,"2024-05-10","RS-F-4304663-13214-20240509","13214 - Tempestade Local/Convectiva - Chuvas Intensas","Reconhecido",7500,13214,2024
2800308,1431.4000000000058,"ARACAJU","SE",570937,0,0,0,26,0,0,"2024-07-15","SE-F-2800308-12100-20240509","12100 - Inundações","Registro",0,12100,2024
4317301,1443.6000000000092,"SANTA VITORIA DO PALMAR","RS",31002,0,0,0,25,60,0,"2024-05-10","RS-F-4317301-13214-20240508","13214 - Tempestade Local/Convectiva - Chuvas Intensas","Reconhecido",30917,13214,2024
4301602,1878.000000000009,"BAGE","RS",116792,0,0,0,0,0,0,"2024-05-14","RS-F-4301602-13214-20240507","13214 - Tempestade Local/Convectiva - Chuvas Intensas","Reconhecido",116792,13214,2024
4311304,1864.200000000009,"LAGOA VERMELHA","RS",27529,0,0,0,7,5,0,"2024-05-14","RS-F-4311304-13214-20240507","13214 - Tempestade Local/Convectiva - Chuvas Intensas","Registro",0,13214,2024
4318622,669.6000000000008,"SAO JOSE DOS AUSENTES","RS",3290,0,0,0,0,0,0,"2024-05-06","RS-F-4318622-13214-20240506","13214 - Tempestade Local/Convectiva - Chuvas Intensas","Reconhecido",700,13214,2024
4318002,1459.0000000000034,"SAO BORJA","RS",61662,0,0,0,200,500,0,"2024-05-07","RS-F-4318002-12100-20240505","12100 - Inundações","Reconhecido",1000,12100,2024
4322400,1588.0000000000057,"URUGUAIANA","RS",125507,0,0,0,297,1836,0,"2024-05-07","RS-F-4322400-12100-20240504","12100 - Inundações","Reconhecido",1200,12100,2024
4321352,121.6000000000001,"TAVARES","RS",5351,0,0,0,0,0,0,"2024-05-09","RS-F-4321352-12300-20240504","12300 - Alagamentos","Reconhecido",1800,12300,2024
1501402,3184.199999999991,"BELEM","PA",1392031,0,0,0,0,0,0,"2024-10-23","PA-F-1501402-11420-20240504","11420 - Erosão de Margem Fluvial","Registro",0,11420,2024
4107207,2420.800000000006,"DOIS VIZINHOS","PR",36198,0,0,0,98,2100,0,"2024-05-10","PR-F-4107207-12200-20240503","12200 - Enxurradas","Reconhecido",4800,12200,2024
4314100,2397.5999999999935,"PASSO FUNDO","RS",184869,0,0,0,0,468,0,"2024-06-05","RS-F-4314100-13214-20240503","13214 - Tempestade Local/Convectiva - Chuvas Intensas","Reconhecido",0,13214,2024
1501402,3184.199999999991,"BELEM","PA",1392031,0,0,0,0,0,0,"2024-10-23","PA-F-1501402-11420-20240503","11420 - Erosão de Margem Fluvial","Registro",0,11420,2024
3548906,630.1999999999992,"SAO CARLOS","SC",10284,0,0,0,0,42,0,"2024-05-10","SC-F-4216008-13214-20240502","13214 - Tempestade Local/Convectiva - Chuvas Intensas","Registro",0,13214,2024
4303905,2128.2000000000075,"CAMPO BOM","RS",60081,0,0,0,280,3200,0,"2024-05-07","RS-F-4303905-13214-20240502","13214 - Tempestade Local/Convectiva - Chuvas Intensas","Reconhecido",6120,13214,2024
4119806,1903.0000000000052,"PLANALTO","RS",10524,0,0,0,0,0,0,"2024-05-04","RS-F-4314704-13214-20240502","13214 - Tempestade Local/Convectiva - Chuvas Intensas","Reconhecido",10524,13214,2024
4313706,2236.000000000006,"PALMEIRA DAS MISSOES","RS",34335,0,0,0,0,0,0,"2024-05-04","RS-F-4313706-13214-20240502","13214 - Tempestade Local/Convectiva - Chuvas Intensas","Reconhecido",34335,13214,2024
4308508,1924.8000000000063,"FREDERICO WESTPHALEN","RS",28848,0,0,0,6,22,0,"2024-05-04","RS-F-4308508-13214-20240502","13214 - Tempestade Local/Convectiva - Chuvas Intensas","Reconhecido",32599,13214,2024
4317806,2320.0000000000064,"SANTO AUGUSTO","RS",13970,0,0,0,0,0,0,"2024-05-03","RS-F-4317806-13214-20240502","13214 - Tempestade Local/Convectiva - Chuvas Intensas","Reconhecido",13970,13214,2024
4201406,1865.6000000000126,"ARARANGUA","SC",61339,0,0,0,0,4,0,"2024-05-02","SC-F-4201406-13214-20240502","13214 - Tempestade Local/Convectiva - Chuvas Intensas","Registro",0,13214,2024
4307005,2246.2000000000053,"ERECHIM","RS",96105,0,2,0,0,52,0,"2024-05-03","RS-F-4307005-13214-20240502","13214 - Tempestade Local/Convectiva - Chuvas Intensas","Reconhecido",0,13214,2024
1301704,1741.0000000000084,"HUMAITA","RS",4919,0,0,0,0,0,0,"2024-05-07","RS-F-4309704-13214-20240502","13214 - Tempestade Local/Convectiva - Chuvas Intensas","Reconhecido",4681,13214,2024
4306908,1278.8000000000038,"ENCRUZILHADA DO SUL","RS",24537,0,0,0,0,15,0,"2024-05-06","RS-F-4306908-13214-20240502","13214 - Tempestade Local/Convectiva - Chuvas Intensas","Reconhecido",7000,13214,2024
4317202,1430.4000000000171,"SANTA ROSA","RS",68595,0,0,0,0,0,0,"2024-05-06","RS-F-4317202-13214-20240502","13214 - Tempestade Local/Convectiva - Chuvas Intensas","Reconhecido",1300,13214,2024
4320404,2702.3999999999937,"SERAFINA CORREA","RS",14243,2,3,0,0,76,0,"2024-06-11","RS-F-4320404-13214-20240502","13214 - Tempestade Local/Convectiva - Chuvas Intensas","Não reconhecido",17993,13214,2024
4322509,2175.000000000009,"VACARIA","RS",61345,0,0,0,0,0,0,"2024-05-07","RS-F-4322509-13214-20240502","13214 - Tempestade Local/Convectiva - Chuvas Intensas","Reconhecido",64817,13214,2024
2920700,658.0000000000009,"MARAU","RS",36383,0,0,0,30,24,0,"2024-05-03","RS-F-4311809-13214-20240502","13214 - Tempestade Local/Convectiva - Chuvas Intensas","Reconhecido",9300,13214,2024
4306106,1888.0000000000057,"CRUZ ALTA","RS",62825,0,0,0,0,0,0,"2024-05-02","RS-F-4306106-13214-20240502","13214 - Tempestade Local/Convectiva - Chuvas Intensas","Reconhecido",58913,13214,2024
4304507,1796.2000000000119,"CANGUCU","RS",53268,0,0,0,0,0,0,"2024-05-06","RS-F-4304507-13214-20240502","13214 - Tempestade Local/Convectiva - Chuvas Intensas","Reconhecido",21284,13214,2024
4315602,1871.6000000000088,"RIO GRANDE","RS",197253,0,0,0,0,0,0,"2024-05-09","RS-F-4315602-13214-20240501","13214 - Tempestade Local/Convectiva - Chuvas Intensas","Reconhecido",0,13214,2024
4316907,2204.200000000001,"SANTA MARIA","RS",261027,5,2,0,120,2000,0,"2024-05-02","RS-F-4316907-13214-20240501","13214 - Tempestade Local/Convectiva - Chuvas Intensas","Reconhecido",269000,13214,2024
3505302,1114.2000000000028,"BARRA BONITA","SC",1878,0,0,0,0,0,0,"2024-05-08","SC-F-4202099-13214-20240501","13214 - Tempestade Local/Convectiva - Chuvas Intensas","Registro",0,13214,2024
4310009,2259.4000000000046,"IBIRUBA","RS",19312,0,0,0,0,100,0,"2024-05-08","RS-F-4310009-13214-20240501","13214 - Tempestade Local/Convectiva - Chuvas Intensas","Reconhecido",0,13214,2024
4310009,2259.4000000000046,"IBIRUBA","RS",19312,0,0,0,0,100,0,"2024-05-02","RS-F-4310009-12300-20240501","12300 - Alagamentos","Registro",0,12300,2024
4319802,1736.8000000000054,"SAO VICENTE DO SUL","RS",8440,0,0,0,60,90,0,"2024-05-06","RS-F-4319802-13214-20240501","13214 - Tempestade Local/Convectiva - Chuvas Intensas","Reconhecido",8290,13214,2024
4320404,2702.3999999999937,"SERAFINA CORREA","RS",14243,2,3,0,106,466,1,"2024-05-02","RS-F-4320404-13214-20240501","13214 - Tempestade Local/Convectiva - Chuvas Intensas","Reconhecido",16383,13214,2024
4302105,2358.199999999997,"BENTO GONCALVES","RS",107341,4,64,0,104,600,8,"2024-05-03","RS-F-4302105-13214-20240501","13214 - Tempestade Local/Convectiva - Chuvas Intensas","Reconhecido",0,13214,2024
4311304,1864.200000000009,"LAGOA VERMELHA","RS",27529,0,0,0,7,5,0,"2024-05-04","RS-F-4311304-13214-20240501","13214 - Tempestade Local/Convectiva - Chuvas Intensas","Reconhecido",27517,13214,2024
4320800,2256.400000000005,"SOLEDADE","RS",30065,0,0,0,15,25,0,"2024-05-03","RS-F-4320800-13214-20240501","13214 - Tempestade Local/Convectiva - Chuvas Intensas","Reconhecido",30025,13214,2024
2201903,961.2000000000006,"BOM JESUS","RS",11556,0,0,0,20,25,0,"2024-05-10","RS-F-4302303-13214-20240501","13214 - Tempestade Local/Convectiva - Chuvas Intensas","Reconhecido",3000,13214,2024
2103505,,"COLINAS","RS",2420,0,80,200,200,1150,0,"2024-05-03","RS-F-4305587-13214-20240501","13214 - Tempestade Local/Convectiva - Chuvas Intensas","Reconhecido",1030,13214,2024
4304408,3310.1999999999784,"CANELA","RS",39238,2,7,5,235,402,0,"2024-05-07","RS-F-4304408-13214-20240430","13214 - Tempestade Local/Convectiva - Chuvas Intensas","Reconhecido",45000,13214,2024
4304408,3310.1999999999784,"CANELA","RS",39238,2,7,5,235,402,0,"2024-05-03","RS-F-4304408-11321-20240430","11321 - Deslizamentos","Reconhecido",45000,11321,2024
1200203,1433.000000000004,"CRUZEIRO DO SUL","RS",12331,3,0,0,800,2987,0,"2024-05-01","RS-F-4306205-13214-20240430","13214 - Tempestade Local/Convectiva - Chuvas Intensas","Reconhecido",12331,13214,2024
4318309,1981.2000000000057,"SAO GABRIEL","RS",60508,0,0,0,50,1850,0,"2024-04-30","RS-F-4318309-12100-20240430","12100 - Inundações","Reconhecido",10000,12100,2024
4315701,2121.800000000007,"RIO PARDO","RS",37602,0,0,0,414,3088,0,"2024-05-02","RS-F-4315701-12100-20240430","12100 - Inundações","Reconhecido",0,12100,2024
4302808,2325.200000000004,"CACAPAVA DO SUL","RS",33700,0,0,0,0,0,0,"2024-05-02","RS-F-4302808-13214-20240430","13214 - Tempestade Local/Convectiva - Chuvas Intensas","Reconhecido",0,13214,2024
4321451,1981.8000000000088,"TEUTONIA","RS",27265,0,0,0,21,250,3,"2024-05-01","RS-F-4321451-13214-20240430","13214 - Tempestade Local/Convectiva - Chuvas Intensas","Reconhecido",0,13214,2024
4317400,2217.4000000000033,"SANTIAGO","RS",49082,0,0,0,6,12,0,"2024-05-04","RS-F-4317400-13214-20240430","13214 - Tempestade Local/Convectiva - Chuvas Intensas","Reconhecido",49280,13214,2024
4314902,4087.5999999999713,"PORTO ALEGRE","RS",1409939,0,50,50,83,10000,0,"2024-05-06","RS-F-4314902-13214-20240429","13214 - Tempestade Local/Convectiva - Chuvas Intensas","Reconhecido",0,13214,2024
4300406,1734.8000000000065,"ALEGRETE","RS",77673,0,0,0,214,296,0,"2024-05-04","RS-F-4300406-13214-20240429","13214 - Tempestade Local/Convectiva - Chuvas Intensas","Reconhecido",690,13214,2024
4315305,1764.4000000000087,"QUARAI","RS",23021,0,0,0,57,0,0,"2024-05-02","RS-F-4315305-13214-20240429","13214 - Tempestade Local/Convectiva - Chuvas Intensas","Reconhecido",7000,13214,2024
4322202,2239,"TUPANCIRETA","RS",22286,0,0,0,1,46,0,"2024-05-04","RS-F-4322202-13214-20240429","13214 - Tempestade Local/Convectiva - Chuvas Intensas","Reconhecido",19958,13214,2024
4303509,1701.400000000012,"CAMAQUA","RS",62759,0,0,0,0,0,0,"2024-05-06","RS-F-4303509-13214-20240429","13214 - Tempestade Local/Convectiva - Chuvas Intensas","Reconhecido",1000,13214,2024
4311007,2077.800000000009,"JAGUARAO","RS",27942,0,0,0,0,0,0,"2024-05-06","RS-F-4311007-13214-20240429","13214 - Tempestade Local/Convectiva - Chuvas Intensas","Reconhecido",27942,13214,2024
2201903,961.2000000000006,"BOM JESUS","RS",11556,0,0,0,0,0,0,"2024-05-07","RS-F-4302303-13215-20240427","13215 - Tempestade Local/Convectiva - Vendaval","Reconhecido",11309,13215,2024
1508001,2011.0000000000093,"TOME-ACU","PA",56514,0,0,0,0,0,0,"2024-05-06","PA-F-1508001-13214-20240427","13214 - Tempestade Local/Convectiva - Chuvas Intensas","Registro",129,13214,2024
2103505,,"COLINAS","MA",39167,0,0,0,0,480,0,"2024-05-02","MA-F-2103505-13214-20240423","13214 - Tempestade Local/Convectiva - Chuvas Intensas","Reconhecido",2880,13214,2024
2913606,2508.3999999999874,"ILHEUS","BA",184231,0,2,2,12,1324,0,"2024-04-24","BA-F-2913606-13214-20240420","13214 - Tempestade Local/Convectiva - Chuvas Intensas","Registro",17458,13214,2024
4300406,1734.8000000000065,"ALEGRETE","RS",77673,0,0,0,0,6,0,"2024-04-18","RS-F-4300406-12100-20240418","12100 - Inundações","Registro",0,12100,2024
2101707,1496.6000000000042,"BARREIRINHAS","MA",54991,0,1,0,200,100,0,"2024-04-20","MA-F-2101707-12300-20240418","12300 - Alagamentos","Não reconhecido",0,12300,2024
3109303,1513.0000000000052,"BURITIS","RO",32385,0,0,0,0,0,0,"2024-04-25","RO-F-1100452-12200-20240417","12200 - Enxurradas","Registro",0,12200,2024
1508407,1855.2000000000046,"XINGUARA","PA",40573,0,0,0,5,304,0,"2024-04-17","PA-F-1508407-13214-20240417","13214 - Tempestade Local/Convectiva - Chuvas Intensas","Registro",0,13214,2024
5002159,964.600000000003,"BODOQUENA","MS",7986,0,0,0,0,0,0,"2024-04-16","MS-F-5002159-12200-20240416","12200 - Enxurradas","Registro",0,12200,2024
4319802,1736.8000000000054,"SAO VICENTE DO SUL","RS",8440,0,0,0,0,0,0,"2024-04-25","RS-F-4319802-13214-20240416","13214 - Tempestade Local/Convectiva - Chuvas Intensas","Registro",10,13214,2024
5002159,964.600000000003,"BODOQUENA","MS",7986,0,0,0,0,0,0,"2024-04-16","MS-F-5002159-12200-20240414","12200 - Enxurradas","Registro",7800,12200,2024
4116208,2343.8000000000084,"MORRETES","PR",15718,0,0,0,9,247,0,"2024-04-19","PR-F-4116208-12300-20240414","12300 - Alagamentos","Reconhecido",881,12300,2024
1505650,138.79999999999995,"PLACAS","PA",23930,0,0,0,0,848,0,"2024-04-15","PA-F-1505650-13214-20240414","13214 - Tempestade Local/Convectiva - Chuvas Intensas","Reconhecido",4896,13214,2024
2102325,1573.4000000000044,"BURITICUPU","MA",65226,0,0,0,0,0,0,"2024-04-22","MA-F-2102325-13214-20240414","13214 - Tempestade Local/Convectiva - Chuvas Intensas","Registro",0,13214,2024
1502939,1077.4000000000008,"DOM ELISEU","PA",51318,0,0,0,0,512,0,"2024-04-14","PA-F-1502939-13214-20240414","13214 - Tempestade Local/Convectiva - Chuvas Intensas","Registro",3460,13214,2024
2104800,1667.2000000000023,"GRAJAU","MA",61903,0,5,3,65,285,0,"2024-04-18","MA-F-2104800-13214-20240413","13214 - Tempestade Local/Convectiva - Chuvas Intensas","Reconhecido",1220,13214,2024
5008305,961.2000000000064,"TRES LAGOAS","MS",101722,0,0,0,0,12,0,"2024-05-02","MS-F-5008305-12300-20240413","12300 - Alagamentos","Registro",70,12300,2024
1506807,,"SANTAREM","PA",294774,0,0,0,0,8,0,"2024-04-16","PA-F-1506807-12300-20240413","12300 - Alagamentos","Registro",42,12300,2024
1505106,2119.2000000000075,"ÓBIDOS","PA",49254,0,0,0,0,0,0,"2024-04-11","PA-F-1505106-13214-20240411","13214 - Tempestade Local/Convectiva - Chuvas Intensas","Registro",0,13214,2024
1200401,1849.0000000000034,"RIO BRANCO","AC",335796,0,0,0,0,0,0,"2024-04-17","AC-F-1200401-11420-20240409","11420 - Erosão de Margem Fluvial","Reconhecido",135000,11420,2024
2918100,697.800000000002,"JEREMOABO","BA",37661,0,0,0,0,1200,0,"2024-04-06","BA-F-2918100-13214-20240406","13214 - Tempestade Local/Convectiva - Chuvas Intensas","Reconhecido",3800,13214,2024
1504802,1377.6000000000022,"MONTE ALEGRE","PA",55459,0,0,0,240,1748,0,"2024-04-09","PA-F-1504802-13214-20240406","13214 - Tempestade Local/Convectiva - Chuvas Intensas","Reconhecido",5197,13214,2024
1500602,2104.800000000006,"ALTAMIRA","PA",105030,0,0,0,3,98,0,"2024-04-08","PA-F-1500602-12300-20240404","12300 - Alagamentos","Registro",105,12300,2024
1500602,2104.800000000006,"ALTAMIRA","PA",105030,0,0,0,24,40,0,"2024-04-15","PA-F-1500602-13214-20240404","13214 - Tempestade Local/Convectiva - Chuvas Intensas","Registro",81,13214,2024
2411205,23.4,"SANTA CRUZ","RN",35759,0,0,0,0,0,0,"2024-04-04","RN-F-2411205-13214-20240404","13214 - Tempestade Local/Convectiva - Chuvas Intensas","Registro",0,13214,2024
2611101,64.40000000000002,"PETROLINA","PE",294081,0,0,0,53,169,0,"2024-04-04","PE-F-2611101-13214-20240404","13214 - Tempestade Local/Convectiva - Chuvas Intensas","Reconhecido",4300,13214,2024
2917508,0,"JACOBINA","BA",79285,0,0,0,0,0,0,"2024-04-05","BA-F-2917508-13214-20240404","13214 - Tempestade Local/Convectiva - Chuvas Intensas","Registro",0,13214,2024
2102325,1573.4000000000044,"BURITICUPU","MA",65226,0,0,0,0,0,0,"2024-04-08","MA-F-2102325-13214-20240403","13214 - Tempestade Local/Convectiva - Chuvas Intensas","Não reconhecido",10600,13214,2024
2101608,1.6,"BARRA DO CORDA","MA",82692,0,25,60,250,800,0,"2024-04-11","MA-F-2101608-13214-20240402","13214 - Tempestade Local/Convectiva - Chuvas Intensas","Não reconhecido",0,13214,2024
4322509,2175.000000000009,"VACARIA","RS",61345,0,0,0,0,10,0,"2024-05-14","RS-F-4322509-13214-20240402","13214 - Tempestade Local/Convectiva - Chuvas Intensas","Registro",0,13214,2024
2404705,695.8000000000018,"IPANGUACU","RN",13855,0,0,0,0,40,0,"2024-04-02","RN-F-2404705-13214-20240401","13214 - Tempestade Local/Convectiva - Chuvas Intensas","Registro",0,13214,2024
2404705,695.8000000000018,"IPANGUACU","RN",13855,0,0,0,152,328,0,"2024-04-22","RN-F-2404705-12100-20240401","12100 - Inundações","Não reconhecido",2636,12100,2024
3161700,1355.4000000000049,"SAO GONCALO DO ABAETE","MG",6252,0,0,0,0,0,0,"2024-04-03","MG-F-3161700-13214-20240401","13214 - Tempestade Local/Convectiva - Chuvas Intensas","Reconhecido",84,13214,2024
2401008,52.80000000000003,"APODI","RN",34777,0,0,0,0,3,0,"2024-04-01","RN-F-2401008-13214-20240331","13214 - Tempestade Local/Convectiva - Chuvas Intensas","Registro",2000,13214,2024
1100023,1370.4000000000037,"ARIQUEMES","RO",90354,0,0,0,0,11,0,"2024-04-05","RO-F-1100023-12100-20240330","12100 - Inundações","Registro",10,12100,2024
1506187,283.99999999999994,"RONDON DO PARA","PA",46974,0,0,0,0,0,0,"2024-04-01","PA-F-1506187-13214-20240329","13214 - Tempestade Local/Convectiva - Chuvas Intensas","Registro",7854,13214,2024
4306106,1888.0000000000057,"CRUZ ALTA","RS",62825,0,0,0,0,0,0,"2024-04-04","RS-F-4306106-13215-20240329","13215 - Tempestade Local/Convectiva - Vendaval","Registro",6,13215,2024
1302504,1048.4000000000026,"MANACAPURU","AM",85144,1,0,0,10,11,0,"2024-03-28","AM-F-1302504-13215-20240327","13215 - Tempestade Local/Convectiva - Vendaval","Registro",3196,13215,2024
3139409,,"MANHUACU","MG",79635,0,0,0,0,0,0,"2024-04-02","MG-F-3139409-13214-20240326","13214 - Tempestade Local/Convectiva - Chuvas Intensas","Registro",0,13214,2024
1100049,1476.6000000000083,"CACOAL","RO",78601,0,0,0,20,290,0,"2024-04-01","RO-F-1100049-12100-20240325","12100 - Inundações","Registro",0,12100,2024
3301702,1595.4000000000115,"DUQUE DE CAXIAS","RJ",855046,0,0,0,145,179,0,"2024-03-25","RJ-F-3301702-13214-20240323","13214 - Tempestade Local/Convectiva - Chuvas Intensas","Registro",0,13214,2024
3200201,1279.6000000000056,"ALEGRE","ES",30784,0,2,0,14,2324,0,"2024-03-28","ES-F-3200201-13214-20240323","13214 - Tempestade Local/Convectiva - Chuvas Intensas","Reconhecido",0,13214,2024
1506138,1936.8000000000047,"REDENCAO","CE",26423,0,0,0,5,0,24,"2024-03-28","CE-F-2311603-12200-20240323","12200 - Enxurradas","Registro",0,12200,2024
1508100,422.1999999999975,"TUCURUI","PA",97109,0,0,0,20,150,0,"2024-03-23","PA-F-1508100-13214-20240323","13214 - Tempestade Local/Convectiva - Chuvas Intensas","Registro",0,13214,2024
3305802,2365.6000000000063,"TERESOPOLIS","RJ",163805,2,2,4,36,600,0,"2024-03-23","RJ-F-3305802-13214-20240323","13214 - Tempestade Local/Convectiva - Chuvas Intensas","Reconhecido",79620,13214,2024
3301009,1853.2000000000128,"CAMPOS DOS GOYTACAZES","RJ",463545,0,0,0,227,588,0,"2024-03-24","RJ-F-3301009-13214-20240323","13214 - Tempestade Local/Convectiva - Chuvas Intensas","Reconhecido",150000,13214,2024
3303401,1059.6000000000022,"NOVA FRIBURGO","RJ",182016,0,0,0,12,5,0,"2024-03-23","RJ-F-3303401-13214-20240322","13214 - Tempestade Local/Convectiva - Chuvas Intensas","Não reconhecido",1000,13214,2024
3200201,1279.6000000000056,"ALEGRE","ES",30784,0,2,0,14,2324,0,"2024-03-23","ES-F-3200201-13214-20240322","13214 - Tempestade Local/Convectiva - Chuvas Intensas","Não reconhecido",0,13214,2024
3139409,,"MANHUACU","MG",79635,0,0,0,0,0,0,"2024-04-01","MG-F-3139409-13214-20240322","13214 - Tempestade Local/Convectiva - Chuvas Intensas","Registro",0,13214,2024
5218300,652.8000000000001,"POSSE","GO",31417,0,0,0,0,0,0,"2024-04-02","GO-F-5218300-13214-20240322","13214 - Tempestade Local/Convectiva - Chuvas Intensas","Reconhecido",1300,13214,2024
3200300,1626.000000000007,"ALFREDO CHAVES","ES",13960,0,0,0,0,150,0,"2024-03-28","ES-F-3200300-13214-20240322","13214 - Tempestade Local/Convectiva - Chuvas Intensas","Reconhecido",500,13214,2024
3300258,803.8000000000035,"ARRAIAL DO CABO","RJ",27770,1,2,0,0,0,0,"2024-03-26","RJ-F-3300258-13212-20240322","13212 - Tempestade Local/Convectiva - Tempestade de Raios","Registro",0,13212,2024
4311007,2077.800000000009,"JAGUARAO","RS",27942,0,0,0,0,0,0,"2024-03-30","RS-F-4311007-13214-20240321","13214 - Tempestade Local/Convectiva - Chuvas Intensas","Registro",64,13214,2024
4315602,1871.6000000000088,"RIO GRANDE","RS",197253,0,0,0,0,10,0,"2024-03-28","RS-F-4315602-13215-20240321","13215 - Tempestade Local/Convectiva - Vendaval","Reconhecido",197243,13215,2024
5004700,1051.600000000001,"IVINHEMA","MS",22355,0,0,0,0,6,0,"2024-03-27","MS-F-5004700-13215-20240321","13215 - Tempestade Local/Convectiva - Vendaval","Registro",0,13215,2024
5005152,1366.0000000000032,"JUTI","MS",5900,0,0,0,0,0,0,"2024-03-22","MS-F-5005152-13214-20240321","13214 - Tempestade Local/Convectiva - Chuvas Intensas","Registro",0,13214,2024
4209409,1248.8000000000059,"LAGUNA","SC",51554,0,0,0,0,0,0,"2024-03-21","SC-F-4209409-13215-20240321","13215 - Tempestade Local/Convectiva - Vendaval","Registro",0,13215,2024
4311304,1864.200000000009,"LAGOA VERMELHA","RS",27529,0,0,0,0,0,0,"2024-03-22","RS-F-4311304-13215-20240321","13215 - Tempestade Local/Convectiva - Vendaval","Reconhecido",27529,13215,2024
4204202,2097.8000000000043,"CHAPECO","SC",183561,0,0,0,0,0,0,"2024-03-21","SC-F-4204202-13215-20240321","13215 - Tempestade Local/Convectiva - Vendaval","Registro",0,13215,2024
4320800,2256.400000000005,"SOLEDADE","RS",30065,0,0,0,0,0,0,"2024-03-22","RS-F-4320800-13215-20240321","13215 - Tempestade Local/Convectiva - Vendaval","Registro",4800,13215,2024
4306106,1888.0000000000057,"CRUZ ALTA","RS",62825,0,0,0,0,0,0,"2024-03-21","RS-F-4306106-13215-20240321","13215 - Tempestade Local/Convectiva - Vendaval","Registro",112,13215,2024
4315701,2121.800000000007,"RIO PARDO","RS",37602,0,0,0,0,0,0,"2024-03-25","RS-F-4315701-13215-20240321","13215 - Tempestade Local/Convectiva - Vendaval","Registro",0,13215,2024
4316907,2204.200000000001,"SANTA MARIA","RS",261027,0,2,0,0,0,0,"2024-03-21","RS-F-4316907-13214-20240321","13214 - Tempestade Local/Convectiva - Chuvas Intensas","Registro",271728,13214,2024
4319802,1736.8000000000054,"SAO VICENTE DO SUL","RS",8440,0,0,0,0,0,0,"2024-03-28","RS-F-4319802-13215-20240321","13215 - Tempestade Local/Convectiva - Vendaval","Registro",0,13215,2024
4304507,1796.2000000000119,"CANGUCU","RS",53268,0,0,0,0,0,0,"2024-03-21","RS-F-4304507-13215-20240321","13215 - Tempestade Local/Convectiva - Vendaval","Reconhecido",49680,13215,2024
4304663,1911.8000000000081,"CAPAO DO LEAO","RS",24294,0,0,0,0,0,0,"2024-03-28","RS-F-4304663-13215-20240320","13215 - Tempestade Local/Convectiva - Vendaval","Registro",24000,13215,2024
4317301,1443.6000000000092,"SANTA VITORIA DO PALMAR","RS",31002,0,0,0,0,0,0,"2024-03-27","RS-F-4317301-13214-20240320","13214 - Tempestade Local/Convectiva - Chuvas Intensas","Reconhecido",31002,13214,2024
4308508,1924.8000000000063,"FREDERICO WESTPHALEN","RS",28848,0,0,0,7,76,0,"2024-03-19","RS-F-4308508-13214-20240318","13214 - Tempestade Local/Convectiva - Chuvas Intensas","Reconhecido",87,13214,2024
3105608,1850.4000000000096,"BARBACENA","MG",126325,0,0,0,0,40,0,"2024-03-20","MG-F-3105608-13214-20240318","13214 - Tempestade Local/Convectiva - Chuvas Intensas","Reconhecido",10000,13214,2024
1505106,2119.2000000000075,"ÓBIDOS","PA",49254,0,0,0,0,0,0,"2024-03-18","PA-F-1505106-12200-20240318","12200 - Enxurradas","Registro",0,12200,2024
1506138,1936.8000000000047,"REDENCAO","CE",26423,0,0,0,0,0,0,"2024-03-21","CE-F-2311603-13214-20240317","13214 - Tempestade Local/Convectiva - Chuvas Intensas","Registro",0,13214,2024
4322400,1588.0000000000057,"URUGUAIANA","RS",125507,0,0,0,0,0,0,"2024-03-16","RS-F-4322400-13214-20240316","13214 - Tempestade Local/Convectiva - Chuvas Intensas","Reconhecido",3360,13214,2024
4219002,2081.80000000001,"URUSSANGA","SC",20222,0,0,0,0,0,0,"2024-03-18","SC-F-4219002-13214-20240316","13214 - Tempestade Local/Convectiva - Chuvas Intensas","Registro",200,13214,2024
4307005,2246.2000000000053,"ERECHIM","RS",96105,0,0,0,0,0,0,"2024-03-16","RS-F-4307005-13214-20240316","13214 - Tempestade Local/Convectiva - Chuvas Intensas","Registro",300,13214,2024
4307005,2246.2000000000053,"ERECHIM","RS",96105,0,0,0,0,0,0,"2024-03-16","RS-F-4307005-13215-20240316","13215 - Tempestade Local/Convectiva - Vendaval","Registro",0,13215,2024
3136702,1600.6000000000085,"JUIZ DE FORA","MG",517872,0,0,0,0,0,0,"2024-03-19","MG-F-3136702-13214-20240316","13214 - Tempestade Local/Convectiva - Chuvas Intensas","Registro",0,13214,2024
2101202,1091.2000000000007,"BACABAL","MA",99960,0,0,0,389,334,0,"2024-04-03","MA-F-2101202-13214-20240315","13214 - Tempestade Local/Convectiva - Chuvas Intensas","Reconhecido",459,13214,2024
5005152,1366.0000000000032,"JUTI","MS",5900,0,0,0,0,0,0,"2024-03-22","MS-F-5005152-13214-20240315","13214 - Tempestade Local/Convectiva - Chuvas Intensas","Registro",0,13214,2024
1501709,2464.7999999999997,"BRAGANCA","PA",113165,0,0,0,0,8,0,"2024-03-19","PA-F-1501709-13215-20240315","13215 - Tempestade Local/Convectiva - Vendaval","Registro",0,13215,2024
2610004,192.6000000000001,"PALMARES","PE",59524,0,0,0,0,0,0,"2024-03-14","PE-F-2610004-13215-20240313","13215 - Tempestade Local/Convectiva - Vendaval","Registro",0,13215,2024
3136702,1600.6000000000085,"JUIZ DE FORA","MG",517872,0,0,0,0,0,0,"2024-03-15","MG-F-3136702-13214-20240309","13214 - Tempestade Local/Convectiva - Chuvas Intensas","Registro",0,13214,2024
3205309,1066.4000000000033,"VITORIA","ES",325453,0,0,0,0,4,0,"2024-04-02","ES-F-3205309-11321-20240308","11321 - Deslizamentos","Registro",0,11321,2024
1300706,2334.000000000005,"BOCA DO ACRE","AM",29880,0,49,299,34,48,0,"2024-03-07","AM-F-1300706-12100-20240307","12100 - Inundações","Reconhecido",12851,12100,2024
3136702,1600.6000000000085,"JUIZ DE FORA","MG",517872,0,0,0,0,0,0,"2024-03-07","MG-F-3136702-13214-20240306","13214 - Tempestade Local/Convectiva - Chuvas Intensas","Registro",0,13214,2024
3105608,1850.4000000000096,"BARBACENA","MG",126325,0,0,0,6,0,0,"2024-03-11","MG-F-3105608-11321-20240306","11321 - Deslizamentos","Registro",620,11321,2024
1505106,2119.2000000000075,"ÓBIDOS","PA",49254,0,0,0,0,0,0,"2024-03-12","PA-F-1505106-12200-20240306","12200 - Enxurradas","Registro",40,12200,2024
5107925,2451.799999999999,"SORRISO","MT",66506,0,0,0,0,0,0,"2024-03-13","MT-F-5107925-12200-20240305","12200 - Enxurradas","Registro",0,12200,2024
1508407,1855.2000000000046,"XINGUARA","PA",40573,0,0,0,0,310,0,"2024-03-05","PA-F-1508407-13214-20240303","13214 - Tempestade Local/Convectiva - Chuvas Intensas","Registro",0,13214,2024
1200344,,"MANOEL URBANO","AC",7989,0,0,0,1030,250,0,"2024-03-03","AC-F-1200344-12100-20240303","12100 - Inundações","Reconhecido",1800,12100,2024
3157005,1481.8000000000059,"SALINAS","MG",39182,0,0,0,0,25,0,"2024-03-04","MG-F-3157005-13214-20240303","13214 - Tempestade Local/Convectiva - Chuvas Intensas","Reconhecido",12000,13214,2024
5212501,727.2,"LUZIANIA","GO",174546,0,0,0,0,0,0,"2024-03-11","GO-F-5212501-13214-20240302","13214 - Tempestade Local/Convectiva - Chuvas Intensas","Registro",0,13214,2024
3203205,1128.2000000000019,"LINHARES","ES",141254,0,0,0,0,0,0,"2024-03-14","ES-F-3203205-13215-20240302","13215 - Tempestade Local/Convectiva - Vendaval","Registro",0,13215,2024
3122306,1411.6000000000067,"DIVINOPOLIS","MG",213076,0,0,0,0,0,0,"2024-03-04","MG-F-3122306-13215-20240301","13215 - Tempestade Local/Convectiva - Vendaval","Registro",0,13215,2024
3136702,1600.6000000000085,"JUIZ DE FORA","MG",517872,0,0,0,0,0,0,"2024-03-07","MG-F-3136702-13215-20240301","13215 - Tempestade Local/Convectiva - Vendaval","Registro",0,13215,2024
4311304,1864.200000000009,"LAGOA VERMELHA","RS",27529,0,0,0,0,0,0,"2024-05-14","RS-F-4311304-13214-20240301","13214 - Tempestade Local/Convectiva - Chuvas Intensas","Registro",0,13214,2024
1506807,,"SANTAREM","PA",294774,0,0,0,0,10,0,"2024-03-05","PA-F-1506807-12300-20240301","12300 - Alagamentos","Registro",90,12300,2024
1505502,1968.6000000000063,"PARAGOMINAS","PA",97788,0,0,0,96,250,0,"2024-03-04","PA-F-1505502-13214-20240301","13214 - Tempestade Local/Convectiva - Chuvas Intensas","Reconhecido",7759,13214,2024
2404705,695.8000000000018,"IPANGUACU","RN",13855,0,0,0,0,0,0,"2024-03-04","RN-F-2404705-13214-20240229","13214 - Tempestade Local/Convectiva - Chuvas Intensas","Reconhecido",2784,13214,2024
2404705,695.8000000000018,"IPANGUACU","RN",13855,0,0,0,0,0,0,"2024-03-02","RN-F-2404705-12200-20240229","12200 - Enxurradas","Registro",0,12200,2024
4205001,2594.0000000000023,"DIONISIO CERQUEIRA","SC",14801,0,0,0,0,0,0,"2024-02-29","SC-F-4205001-13214-20240228","13214 - Tempestade Local/Convectiva - Chuvas Intensas","Registro",24,13214,2024
1501808,,"BREVES","PA",92865,0,0,0,0,0,0,"2024-02-29","PA-F-1501808-12200-20240228","12200 - Enxurradas","Registro",0,12200,2024
2312908,818.2000000000016,"SOBRAL","CE",188271,1,0,0,0,113,0,"2024-03-05","CE-F-2312908-12100-20240228","12100 - Inundações","Registro",0,12100,2024
1505486,685.8000000000003,"PACAJA","PA",40052,0,0,0,0,308,0,"2024-03-01","PA-F-1505486-13214-20240228","13214 - Tempestade Local/Convectiva - Chuvas Intensas","Reconhecido",2876,13214,2024
5107925,2451.799999999999,"SORRISO","MT",66506,0,0,0,0,0,0,"2024-03-06","MT-F-5107925-13215-20240226","13215 - Tempestade Local/Convectiva - Vendaval","Registro",0,13215,2024
4303509,1701.400000000012,"CAMAQUA","RS",62759,0,0,0,0,0,0,"2024-03-04","RS-F-4303509-12300-20240226","12300 - Alagamentos","Registro",109,12300,2024
3136702,1600.6000000000085,"JUIZ DE FORA","MG",517872,0,0,0,0,0,0,"2024-03-01","MG-F-3136702-13214-20240226","13214 - Tempestade Local/Convectiva - Chuvas Intensas","Registro",0,13214,2024
1200344,,"MANOEL URBANO","AC",7989,0,0,0,0,0,0,"2024-02-26","AC-F-1200344-12100-20240226","12100 - Inundações","Registro",0,12100,2024
1200203,1433.000000000004,"CRUZEIRO DO SUL","AC",78444,0,0,0,0,0,0,"2024-02-25","AC-F-1200203-12100-20240225","12100 - Inundações","Reconhecido",500,12100,2024
1200393,,"PORTO WALTER","AC",9172,0,0,0,132,1100,0,"2024-02-25","AC-F-1200393-12100-20240225","12100 - Inundações","Reconhecido",4636,12100,2024
1200252,1496.2000000000062,"EPITACIOLANDIA","AC",15126,0,0,75,1750,2000,0,"2024-02-25","AC-F-1200252-12100-20240225","12100 - Inundações","Registro",0,12100,2024
1200401,1849.0000000000034,"RIO BRANCO","AC",335796,0,0,0,1500,1600,0,"2024-02-25","AC-F-1200401-12100-20240225","12100 - Inundações","Reconhecido",60000,12100,2024
1200302,2226.000000000003,"FEIJO","AC",32311,0,0,0,0,0,0,"2024-02-25","AC-F-1200302-12100-20240225","12100 - Inundações","Reconhecido",1700,12100,2024
1200351,,"MARECHAL THAUMATURGO","AC",14200,0,0,0,192,2110,0,"2024-02-25","AC-F-1200351-12100-20240225","12100 - Inundações","Reconhecido",5890,12100,2024
3203205,1128.2000000000019,"LINHARES","ES",141254,0,0,0,0,0,0,"2024-03-06","ES-F-3203205-12100-20240224","12100 - Inundações","Registro",0,12100,2024
4304507,1796.2000000000119,"CANGUCU","RS",53268,0,0,0,0,0,0,"2024-03-01","RS-F-4304507-12200-20240223","12200 - Enxurradas","Registro",0,12200,2024
1200252,1496.2000000000062,"EPITACIOLANDIA","AC",15126,0,0,75,1750,2000,0,"2024-02-25","AC-F-1200252-12100-20240223","12100 - Inundações","Reconhecido",0,12100,2024
3170404,1373.6000000000026,"UNAI","MG",77590,0,0,0,0,2,0,"2024-04-18","MG-F-3170404-12200-20240222","12200 - Enxurradas","Registro",0,12200,2024
1200401,1849.0000000000034,"RIO BRANCO","AC",335796,0,0,0,1500,1600,0,"2024-04-23","AC-F-1200401-12200-20240222","12200 - Enxurradas","Reconhecido",60000,12200,2024
3204500,1391.0000000000095,"SANTA LEOPOLDINA","ES",12255,0,0,0,0,0,0,"2024-02-23","ES-F-3204500-13214-20240222","13214 - Tempestade Local/Convectiva - Chuvas Intensas","Registro",5000,13214,2024
2917508,0,"JACOBINA","BA",79285,0,0,0,15,4,0,"2024-02-23","BA-F-2917508-13214-20240222","13214 - Tempestade Local/Convectiva - Chuvas Intensas","Registro",120,13214,2024
3203205,1128.2000000000019,"LINHARES","ES",141254,0,0,0,0,0,0,"2024-03-07","ES-F-3203205-13214-20240222","13214 - Tempestade Local/Convectiva - Chuvas Intensas","Registro",0,13214,2024
2919306,1065.2000000000091,"LENCOIS","BA",10368,0,0,0,0,0,0,"2024-02-27","BA-F-2919306-13214-20240221","13214 - Tempestade Local/Convectiva - Chuvas Intensas","Reconhecido",56,13214,2024
2208007,,"PICOS","PI",73417,0,0,0,0,0,0,"2024-02-24","PI-F-2208007-11321-20240221","11321 - Deslizamentos","Registro",0,11321,2024
4209300,1982.2000000000103,"LAGES","SC",156737,0,0,0,0,16,0,"2024-04-11","SC-F-4209300-13214-20240221","13214 - Tempestade Local/Convectiva - Chuvas Intensas","Registro",96,13214,2024
2611101,64.40000000000002,"PETROLINA","PE",294081,0,0,0,35,308,0,"2024-02-21","PE-F-2611101-13214-20240221","13214 - Tempestade Local/Convectiva - Chuvas Intensas","Registro",0,13214,2024
5212501,727.2,"LUZIANIA","GO",174546,0,0,0,0,0,0,"2024-02-21","GO-F-5212501-13214-20240219","13214 - Tempestade Local/Convectiva - Chuvas Intensas","Registro",0,13214,2024
3136702,1600.6000000000085,"JUIZ DE FORA","MG",517872,0,0,0,0,0,0,"2024-02-20","MG-F-3136702-13214-20240219","13214 - Tempestade Local/Convectiva - Chuvas Intensas","Registro",0,13214,2024
3200300,1626.000000000007,"ALFREDO CHAVES","ES",13960,0,0,0,0,0,0,"2024-02-21","ES-F-3200300-13215-20240219","13215 - Tempestade Local/Convectiva - Vendaval","Registro",0,13215,2024
3136702,1600.6000000000085,"JUIZ DE FORA","MG",517872,0,0,0,0,0,0,"2024-02-19","MG-F-3136702-13214-20240218","13214 - Tempestade Local/Convectiva - Chuvas Intensas","Registro",0,13214,2024
5107925,2451.799999999999,"SORRISO","MT",66506,0,2,0,0,16,0,"2024-02-29","MT-F-5107925-12300-20240218","12300 - Alagamentos","Registro",0,12300,2024
3205309,1066.4000000000033,"VITORIA","ES",325453,0,0,0,0,5,0,"2024-03-15","ES-F-3205309-13214-20240218","13214 - Tempestade Local/Convectiva - Chuvas Intensas","Registro",16,13214,2024
1600303,2089.200000000005,"MACAPA","AP",397913,0,0,0,0,0,0,"2024-02-17","AP-F-1600303-13214-20240217","13214 - Tempestade Local/Convectiva - Chuvas Intensas","Registro",0,13214,2024
3136702,1600.6000000000085,"JUIZ DE FORA","MG",517872,0,0,0,0,0,0,"2024-02-19","MG-F-3136702-13214-20240215","13214 - Tempestade Local/Convectiva - Chuvas Intensas","Registro",0,13214,2024
3136702,1600.6000000000085,"JUIZ DE FORA","MG",517872,0,0,0,0,0,0,"2024-02-19","MG-F-3136702-13214-20240214","13214 - Tempestade Local/Convectiva - Chuvas Intensas","Registro",0,13214,2024
3136702,1600.6000000000085,"JUIZ DE FORA","MG",517872,0,0,0,0,4,0,"2024-02-19","MG-F-3136702-13214-20240213","13214 - Tempestade Local/Convectiva - Chuvas Intensas","Registro",0,13214,2024
1600303,2089.200000000005,"MACAPA","AP",397913,0,0,0,474,1167,0,"2024-02-13","AP-F-1600303-13214-20240213","13214 - Tempestade Local/Convectiva - Chuvas Intensas","Reconhecido",0,13214,2024
3145059,946.2000000000023,"NOVA PORTEIRINHA","MG",7398,0,0,0,3,3,0,"2024-03-06","MG-F-3145059-13214-20240212","13214 - Tempestade Local/Convectiva - Chuvas Intensas","Registro",100,13214,2024
1600303,2089.200000000005,"MACAPA","AP",397913,0,0,0,0,13,0,"2024-02-13","AP-F-1600303-11420-20240210","11420 - Erosão de Margem Fluvial","Reconhecido",1100,11420,2024
5003207,2105.4000000000033,"CORUMBA","MS",103772,0,0,0,0,20,0,"2024-02-11","MS-F-5003207-13214-20240210","13214 - Tempestade Local/Convectiva - Chuvas Intensas","Registro",0,13214,2024
3109303,1513.0000000000052,"BURITIS","MG",22729,0,0,0,0,0,0,"2024-02-16","MG-F-3109303-13214-20240210","13214 - Tempestade Local/Convectiva - Chuvas Intensas","Registro",0,13214,2024
5002159,964.600000000003,"BODOQUENA","MS",7986,0,0,0,0,0,0,"2024-02-09","MS-F-5002159-12300-20240209","12300 - Alagamentos","Registro",0,12300,2024
3168606,1187.6000000000056,"TEOFILO OTONI","MG",134733,0,0,0,7,171,0,"2024-02-09","MG-F-3168606-13214-20240208","13214 - Tempestade Local/Convectiva - Chuvas Intensas","Reconhecido",7500,13214,2024
5002159,964.600000000003,"BODOQUENA","MS",7986,0,0,0,0,0,0,"2024-02-08","MS-F-5002159-12200-20240207","12200 - Enxurradas","Registro",7894,12200,2024
3203205,1128.2000000000019,"LINHARES","ES",141254,0,0,0,0,0,0,"2024-03-14","ES-F-3203205-13215-20240207","13215 - Tempestade Local/Convectiva - Vendaval","Registro",0,13215,2024
1508084,384.59999999999957,"TUCUMA","PA",33651,0,0,0,0,5,0,"2024-05-15","PA-F-1508084-12300-20240205","12300 - Alagamentos","Registro",0,12300,2024
1505106,2119.2000000000075,"ÓBIDOS","PA",49254,0,0,0,0,0,0,"2024-02-02","PA-F-1505106-12200-20240202","12200 - Enxurradas","Registro",0,12200,2024
2908606,1255.4000000000033,"CONDE","BA",23594,0,0,0,96,104,0,"2024-02-07","BA-F-2908606-12100-20240202","12100 - Inundações","Não reconhecido",337,12100,2024
3200201,1279.6000000000056,"ALEGRE","ES",30784,0,0,0,0,0,0,"2024-02-02","ES-F-3200201-13215-20240201","13215 - Tempestade Local/Convectiva - Vendaval","Registro",0,13215,2024
1507904,1915.8000000000054,"SOURE","PA",22995,0,0,0,0,0,0,"2024-05-24","PA-F-1507904-13214-20240201","13214 - Tempestade Local/Convectiva - Chuvas Intensas","Registro",5455,13214,2024
2902708,350.7999999999997,"BARRA","BA",49342,0,0,0,32,120,0,"2024-02-01","BA-F-2902708-13214-20240201","13214 - Tempestade Local/Convectiva - Chuvas Intensas","Não reconhecido",50940,13214,2024
2103505,,"COLINAS","MA",39167,0,0,0,0,0,0,"2024-04-30","MA-F-2103505-12300-20240201","12300 - Alagamentos","Registro",0,12300,2024
3139409,,"MANHUACU","MG",79635,0,0,0,10,203,0,"2024-02-06","MG-F-3139409-13214-20240130","13214 - Tempestade Local/Convectiva - Chuvas Intensas","Reconhecido",6000,13214,2024
4208450,2311.3999999999987,"ITAPOA","SC",14775,0,0,0,0,0,0,"2024-03-01","SC-F-4208450-13214-20240129","13214 - Tempestade Local/Convectiva - Chuvas Intensas","Registro",0,13214,2024
1508407,1855.2000000000046,"XINGUARA","PA",40573,0,0,0,0,20,0,"2024-01-30","PA-F-1508407-13214-20240129","13214 - Tempestade Local/Convectiva - Chuvas Intensas","Registro",50000,13214,2024
3203205,1128.2000000000019,"LINHARES","ES",141254,0,0,0,0,0,0,"2024-03-07","ES-F-3203205-13214-20240129","13214 - Tempestade Local/Convectiva - Chuvas Intensas","Registro",0,13214,2024
3136702,1600.6000000000085,"JUIZ DE FORA","MG",517872,0,0,0,0,0,0,"2024-02-19","MG-F-3136702-13214-20240128","13214 - Tempestade Local/Convectiva - Chuvas Intensas","Registro",0,13214,2024
3305604,972.0000000000028,"SILVA JARDIM","RJ",21360,0,0,0,0,0,0,"2024-01-29","RJ-F-3305604-13214-20240128","13214 - Tempestade Local/Convectiva - Chuvas Intensas","Registro",0,13214,2024
3204500,1391.0000000000095,"SANTA LEOPOLDINA","ES",12255,0,0,0,0,0,0,"2024-02-15","ES-F-3204500-13214-20240128","13214 - Tempestade Local/Convectiva - Chuvas Intensas","Registro",1120,13214,2024
3157005,1481.8000000000059,"SALINAS","MG",39182,0,0,0,0,70,0,"2024-01-30","MG-F-3157005-13214-20240127","13214 - Tempestade Local/Convectiva - Chuvas Intensas","Reconhecido",15000,13214,2024
2611101,64.40000000000002,"PETROLINA","PE",294081,0,0,0,6,70,0,"2024-01-27","PE-F-2611101-13214-20240127","13214 - Tempestade Local/Convectiva - Chuvas Intensas","Registro",0,13214,2024
3205200,1274.8000000000038,"VILA VELHA","ES",414420,0,0,0,0,5,0,"2024-03-08","ES-F-3205200-13214-20240126","13214 - Tempestade Local/Convectiva - Chuvas Intensas","Registro",1500,13214,2024
5100201,1851.0000000000048,"ÁGUA BOA","MG",15193,0,0,0,0,10,0,"2024-01-31","MG-F-3100609-13214-20240126","13214 - Tempestade Local/Convectiva - Chuvas Intensas","Registro",0,13214,2024
3203205,1128.2000000000019,"LINHARES","ES",141254,0,0,0,0,0,0,"2024-03-06","ES-F-3203205-12100-20240126","12100 - Inundações","Registro",0,12100,2024
3203205,1128.2000000000019,"LINHARES","ES",141254,0,0,0,0,0,0,"2024-03-07","ES-F-3203205-13214-20240126","13214 - Tempestade Local/Convectiva - Chuvas Intensas","Registro",0,13214,2024
3200102,1370.600000000006,"AFONSO CLAUDIO","ES",31086,0,0,0,0,0,0,"2024-02-02","ES-F-3200102-13214-20240125","13214 - Tempestade Local/Convectiva - Chuvas Intensas","Registro",0,13214,2024
2913606,2508.3999999999874,"ILHEUS","BA",184231,0,0,0,1,42,0,"2024-01-23","BA-F-2913606-13214-20240123","13214 - Tempestade Local/Convectiva - Chuvas Intensas","Registro",0,13214,2024
3168606,1187.6000000000056,"TEOFILO OTONI","MG",134733,0,0,0,7,66,0,"2024-01-23","MG-F-3168606-13214-20240122","13214 - Tempestade Local/Convectiva - Chuvas Intensas","Reconhecido",20000,13214,2024
3203205,1128.2000000000019,"LINHARES","ES",141254,0,0,0,0,0,0,"2024-03-14","ES-F-3203205-13215-20240122","13215 - Tempestade Local/Convectiva - Vendaval","Registro",0,13215,2024
3203205,1128.2000000000019,"LINHARES","ES",141254,0,0,0,0,2,0,"2024-02-18","ES-F-3203205-13215-20240121","13215 - Tempestade Local/Convectiva - Vendaval","Registro",0,13215,2024
3205069,1489.4000000000085,"VENDA NOVA DO IMIGRANTE","ES",20468,0,0,0,0,0,0,"2024-03-21","ES-F-3205069-13215-20240121","13215 - Tempestade Local/Convectiva - Vendaval","Registro",0,13215,2024
3204906,1371.2000000000069,"SAO MATEUS","ES",109067,0,0,0,0,5,0,"2024-01-22","ES-F-3204906-13215-20240121","13215 - Tempestade Local/Convectiva - Vendaval","Registro",50,13215,2024
4208450,2311.3999999999987,"ITAPOA","SC",14775,0,0,0,51,400,0,"2024-01-21","SC-F-4208450-13214-20240120","13214 - Tempestade Local/Convectiva - Chuvas Intensas","Reconhecido",0,13214,2024
3127701,967.2000000000027,"GOVERNADOR VALADARES","MG",263594,0,0,0,0,1430,0,"2024-01-23","MG-F-3127701-13214-20240120","13214 - Tempestade Local/Convectiva - Chuvas Intensas","Reconhecido",240000,13214,2024
3126109,975.4000000000016,"FORMIGA","MG",65064,0,0,0,1,12,0,"2024-01-29","MG-F-3126109-13214-20240119","13214 - Tempestade Local/Convectiva - Chuvas Intensas","Reconhecido",0,13214,2024
4304408,3310.1999999999784,"CANELA","RS",39238,0,0,0,11,0,0,"2024-01-23","RS-F-4304408-13215-20240116","13215 - Tempestade Local/Convectiva - Vendaval","Reconhecido",39227,13215,2024
1200203,1433.000000000004,"CRUZEIRO DO SUL","RS",12331,0,0,0,0,12,0,"2024-01-18","RS-F-4306205-13215-20240116","13215 - Tempestade Local/Convectiva - Vendaval","Reconhecido",12319,13215,2024
4314902,4087.5999999999713,"PORTO ALEGRE","RS",1409939,0,0,0,0,10000,0,"2024-01-19","RS-F-4314902-13214-20240116","13214 - Tempestade Local/Convectiva - Chuvas Intensas","Reconhecido",1399000,13214,2024
2103505,,"COLINAS","RS",2420,0,0,0,0,0,0,"2024-01-18","RS-F-4305587-13215-20240116","13215 - Tempestade Local/Convectiva - Vendaval","Reconhecido",2420,13215,2024
4321451,1981.8000000000088,"TEUTONIA","RS",27265,0,0,0,0,3,0,"2024-01-17","RS-F-4321451-13215-20240116","13215 - Tempestade Local/Convectiva - Vendaval","Não reconhecido",84,13215,2024
4316907,2204.200000000001,"SANTA MARIA","RS",261027,0,1,0,0,6,0,"2024-01-17","RS-F-4316907-13214-20240116","13214 - Tempestade Local/Convectiva - Chuvas Intensas","Reconhecido",271728,13214,2024
4319802,1736.8000000000054,"SAO VICENTE DO SUL","RS",8440,0,0,0,0,0,0,"2024-01-18","RS-F-4319802-13215-20240116","13215 - Tempestade Local/Convectiva - Vendaval","Reconhecido",8440,13215,2024
4322509,2175.000000000009,"VACARIA","RS",61345,0,0,0,0,0,0,"2024-01-19","RS-F-4322509-13215-20240116","13215 - Tempestade Local/Convectiva - Vendaval","Registro",0,13215,2024
1501402,3184.199999999991,"BELEM","PA",1392031,0,0,0,0,0,0,"2024-01-31","PA-F-1501402-13215-20240115","13215 - Tempestade Local/Convectiva - Vendaval","Registro",0,13215,2024
3304607,1106.0000000000048,"SANTA MARIA MADALENA","RJ",10321,0,0,0,0,0,0,"2024-01-17","RJ-F-3304607-13214-20240115","13214 - Tempestade Local/Convectiva - Chuvas Intensas","Registro",0,13214,2024
5000609,940.6000000000013,"AMAMBAI","MS",34739,0,0,0,5,0,0,"2024-01-15","MS-F-5000609-12300-20240115","12300 - Alagamentos","Registro",0,12300,2024
3167202,1448.0000000000057,"SETE LAGOAS","MG",214071,0,0,0,0,1,0,"2024-01-16","MG-F-3167202-13214-20240115","13214 - Tempestade Local/Convectiva - Chuvas Intensas","Registro",0,13214,2024
5208707,1739.4000000000046,"GOIANIA","GO",1301892,0,0,0,0,15,0,"2024-01-22","GO-F-5208707-11321-20240115","11321 - Deslizamentos","Registro",0,11321,2024
3550902,1865.8000000000172,"SAO SIMAO","GO",17086,0,0,0,0,8,0,"2024-01-16","GO-F-5220405-12300-20240114","12300 - Alagamentos","Não reconhecido",150,12300,2024
5220405,1865.8000000000172,"SAO SIMAO","GO",17086,0,0,0,0,8,0,"2024-01-16","GO-F-5220405-12300-20240114","12300 - Alagamentos","Não reconhecido",150,12300,2024
4302105,2358.199999999997,"BENTO GONCALVES","RS",107341,0,0,0,0,0,0,"2024-01-23","RS-F-4302105-13215-20240114","13215 - Tempestade Local/Convectiva - Vendaval","Registro",0,13215,2024
5213806,1740.4000000000042,"MORRINHOS","GO",41457,0,0,0,0,0,0,"2024-01-14","GO-F-5213806-12300-20240114","12300 - Alagamentos","Registro",0,12300,2024
3304557,4198.599999999967,"RIO DE JANEIRO","RJ",6323037,3,7,2,165,2904,1,"2024-01-14","RJ-F-3304557-13214-20240114","13214 - Tempestade Local/Convectiva - Chuvas Intensas","Reconhecido",252974,13214,2024
2102325,1573.4000000000044,"BURITICUPU","MA",65226,0,0,0,0,0,0,"2024-04-17","MA-F-2102325-13214-20240114","13214 - Tempestade Local/Convectiva - Chuvas Intensas","Registro",5000,13214,2024
2102325,1573.4000000000044,"BURITICUPU","MA",65226,0,0,0,0,0,0,"2024-01-19","MA-F-2102325-13214-20240113","13214 - Tempestade Local/Convectiva - Chuvas Intensas","Registro",400,13214,2024
3301702,1595.4000000000115,"DUQUE DE CAXIAS","RJ",855046,3,0,0,413,1202,0,"2024-01-14","RJ-F-3301702-13214-20240113","13214 - Tempestade Local/Convectiva - Chuvas Intensas","Reconhecido",154649,13214,2024
3136702,1600.6000000000085,"JUIZ DE FORA","MG",517872,0,0,0,0,0,0,"2024-01-17","MG-F-3136702-13214-20240113","13214 - Tempestade Local/Convectiva - Chuvas Intensas","Registro",11024,13214,2024
2932903,1235.000000000005,"VALENCA","BA",88729,0,0,0,10,0,0,"2024-02-14","BA-F-2932903-13214-20240112","13214 - Tempestade Local/Convectiva - Chuvas Intensas","Registro",0,13214,2024
3306107,1235.000000000005,"VALENCA","BA",88729,0,0,0,10,0,0,"2024-02-14","BA-F-2932903-13214-20240112","13214 - Tempestade Local/Convectiva - Chuvas Intensas","Registro",0,13214,2024
2312908,818.2000000000016,"SOBRAL","CE",188271,0,0,0,0,0,0,"2024-01-13","CE-F-2312908-12300-20240112","12300 - Alagamentos","Registro",50,12300,2024
4322509,2175.000000000009,"VACARIA","RS",61345,0,0,0,0,0,0,"2024-01-19","RS-F-4322509-13215-20240109","13215 - Tempestade Local/Convectiva - Vendaval","Registro",0,13215,2024
5005152,1366.0000000000032,"JUTI","MS",5900,0,0,0,0,0,0,"2024-01-10","MS-F-5005152-13215-20240109","13215 - Tempestade Local/Convectiva - Vendaval","Registro",0,13215,2024
4208450,2311.3999999999987,"ITAPOA","SC",14775,0,0,0,0,0,0,"2024-01-10","SC-F-4208450-13215-20240108","13215 - Tempestade Local/Convectiva - Vendaval","Registro",0,13215,2024
4219002,2081.80000000001,"URUSSANGA","SC",20222,0,0,0,0,0,0,"2024-01-11","SC-F-4219002-13215-20240107","13215 - Tempestade Local/Convectiva - Vendaval","Registro",30,13215,2024
5212501,727.2,"LUZIANIA","GO",174546,0,2,0,0,0,0,"2024-01-07","GO-F-5212501-13214-20240106","13214 - Tempestade Local/Convectiva - Chuvas Intensas","Reconhecido",32000,13214,2024
1502400,2641.5999999999985,"CASTANHAL","PA",173096,0,0,0,0,0,0,"2024-01-08","PA-F-1502400-12300-20240106","12300 - Alagamentos","Registro",0,12300,2024
3204906,1371.2000000000069,"SAO MATEUS","ES",109067,0,0,0,0,0,0,"2024-01-08","ES-F-3204906-12300-20240105","12300 - Alagamentos","Registro",0,12300,2024
5213806,1740.4000000000042,"MORRINHOS","GO",41457,0,0,0,0,0,0,"2024-01-09","GO-F-5213806-24200-20240103","24200 - Rompimento/colapso de barragens","Registro",0,24200,2024
5300108,7883.599999999877,"BRASILIA","DF",2562963,0,0,0,60,20,0,"2024-01-16","DF-F-5300108-13214-20240102","13214 - Tempestade Local/Convectiva - Chuvas Intensas","Reconhecido",0,13214,2024
5003207,2105.4000000000033,"CORUMBA","MS",103772,0,1,0,0,0,0,"2024-01-04","MS-F-5003207-13214-20240102","13214 - Tempestade Local/Convectiva - Chuvas Intensas","Registro",300,13214,2024
2919553,745.4000000000004,"LUIS EDUARDO MAGALHAES","BA",60179,0,0,20,50,23,0,"2024-03-05","BA-F-2919553-13214-20240101","13214 - Tempestade Local/Convectiva - Chuvas Intensas","Não reconhecido",160,13214,2024
3121605,1553.6000000000074,"DIAMANTINA","MG",45884,0,0,0,0,4,0,"2024-01-10","MG-F-3121605-13214-20240101","13214 - Tempestade Local/Convectiva - Chuvas Intensas","Reconhecido",47698,13214,2024
5008305,961.2000000000064,"TRES LAGOAS","MS",101722,0,0,0,0,0,0,"2024-01-15","MS-F-5008305-12300-20231231","12300 - Alagamentos","Registro",0,12300,2024
4317202,1430.4000000000171,"SANTA ROSA","RS",68595,0,0,0,0,0,0,"2024-01-04","RS-F-4317202-13215-20231229","13215 - Tempestade Local/Convectiva - Vendaval","Reconhecido",1200,13215,2024
1301704,1741.0000000000084,"HUMAITA","RS",4919,0,0,0,0,4,0,"2024-01-05","RS-F-4309704-13215-20231229","13215 - Tempestade Local/Convectiva - Vendaval","Reconhecido",248,13215,2024
5008305,961.2000000000064,"TRES LAGOAS","MS",101722,0,0,0,0,5,0,"2024-01-15","MS-F-5008305-12300-20231223","12300 - Alagamentos","Registro",0,12300,2024
3203205,1128.2000000000019,"LINHARES","ES",141254,0,0,0,0,0,0,"2024-03-06","ES-F-3203205-13214-20231219","13214 - Tempestade Local/Convectiva - Chuvas Intensas","Registro",0,13214,2024
2201903,961.2000000000006,"BOM JESUS","SC",2526,0,0,0,0,0,0,"2024-02-28","SC-F-4202537-13213-20231116","13213 - Tempestade Local/Convectiva - Granizo","Registro",39,13213,2024
4209003,1148.600000000002,"JOACABA","SC",27005,0,0,0,6,6,0,"2024-04-25","SC-F-4209003-13214-20231116","13214 - Tempestade Local/Convectiva - Chuvas Intensas","Registro",0,13214,2024
3203205,1128.2000000000019,"LINHARES","ES",141254,0,0,0,0,0,0,"2024-03-06","ES-F-3203205-13214-20231027","13214 - Tempestade Local/Convectiva - Chuvas Intensas","Registro",0,13214,2024
2103505,,"COLINAS","RS",2420,0,0,0,0,0,0,"2024-01-18","RS-F-4305587-13215-20231016","13215 - Tempestade Local/Convectiva - Vendaval","Registro",2420,13215,2024
3203205,1128.2000000000019,"LINHARES","ES",141254,0,0,0,0,0,0,"2024-03-14","ES-F-3203205-13215-20230928","13215 - Tempestade Local/Convectiva - Vendaval","Registro",0,13215,2024
3203205,1128.2000000000019,"LINHARES","ES",141254,0,0,0,0,0,0,"2024-03-06","ES-F-3203205-13214-20230915","13214 - Tempestade Local/Convectiva - Chuvas Intensas","Registro",0,13214,2024
