CD_MUN,Municipio,Evento,Status,Mortos,Feridos,Enfermos,Desaparecidos,Desalojados,Desabrigados,OutrosAfetados,Registro,TotalAfetados,TotalNaoAfetados,PopulacaoEstimada2024,TotalAfetadosNormalized,TotalNaoAfetadosNormalized,PercentualAffected
4300034,Aceguá,Tempestade Local/Convectiva - Chuvas Intensas,Reconhecido,0,0,0,0,1,0,30,02/05/2024,31,4222,4253,31,4222,0.728897249
4300059,Água Santa,,,,,,,,,,,,,,,,
4300109,Agudo,Tempestade Local/Convectiva - Chuvas Intensas,Reconhecido,0,1,9,0,27,100,15904,04/05/2024,16041,305,16346,16041,305,98.13410009
4300208,Ajuricaba,Tempestade Local/Convectiva - Chuvas Intensas,Reconhecido,0,0,0,0,0,0,6720,08/05/2024,6720,128,6848,6720,128,98.13084112
4300307,Alecrim,Tempestade Local/Convectiva - Chuvas Intensas,Reconhecido,0,0,0,0,10,0,500,07/05/2024,510,5718,6228,510,5718,8.188824663
4300406,Alegrete,Tempestade Local/Convectiva - Chuvas Intensas,Reconhecido,0,0,0,0,296,214,690,04/05/2024,1200,73129,74329,1200,73129,1.614443891
4300455,Alegria,Tempestade Local/Convectiva - Chuvas Intensas,Reconhecido,0,0,0,0,0,0,4301,06/05/2024,4301,-590,3711,4301,0,100
4300471,Almirante Tamandaré do Sul,,,,,,,,,,,,,,,,
4300505,Alpestre,Tempestade Local/Convectiva - Chuvas Intensas,Reconhecido,0,0,0,0,0,0,7117,06/05/2024,7117,126,7243,7117,126,98.26038934
4300554,Alto Alegre,Tempestade Local/Convectiva - Chuvas Intensas,Reconhecido,0,0,0,0,20,0,1828,03/05/2024,1848,-11,1837,1848,0,100
4300570,Alto Feliz,Enxurradas,Reconhecido,0,0,0,0,0,20,3052,06/05/2024,3072,71,3143,3072,71,97.74101177
4300604,Alvorada, Inundações,Reconhecido,0,5,2000,0,9802,212,183699,03/05/2024,195718,-1602,194116,195718,0,100
4300638,Amaral Ferrador,Tempestade Local/Convectiva - Chuvas Intensas,Reconhecido,0,0,0,0,4,0,6351,06/05/2024,6355,-961,5394,6355,0,100
4300646,Ametista do Sul,Tempestade Local/Convectiva - Chuvas Intensas,Reconhecido,0,0,0,0,4,0,7319,03/05/2024,7323,499,7822,7323,499,93.6205574
4300661,André da Rocha,Tempestade Local/Convectiva - Chuvas Intensas,Reconhecido,0,0,0,0,6,0,0,04/05/2024,6,1151,1157,6,1151,0.518582541
4300703,Anta Gorda,Tempestade Local/Convectiva - Chuvas Intensas,Reconhecido,0,0,0,0,50,30,6000,03/05/2024,6080,0,6080,6080,0,100
4300802,Antônio Prado,Tempestade Local/Convectiva - Chuvas Intensas,Reconhecido,0,3,0,0,40,36,12758,06/05/2024,12837,491,13328,12837,491,96.31602641
4300851,Arambaré,Tempestade Local/Convectiva - Chuvas Intensas,Reconhecido,0,0,0,0,480,80,0,08/05/2024,560,3651,4211,560,3651,13.29850392
4300877,Araricá,Tempestade Local/Convectiva - Chuvas Intensas,Reconhecido,0,0,0,0,72,9,4800,02/05/2024,4881,3913,8794,4881,3913,55.50375256
4300901,Aratiba,Tempestade Local/Convectiva - Chuvas Intensas,Reconhecido,0,0,0,0,10,0,140,05/05/2024,150,6468,6618,150,6468,2.266545784
4301008,Arroio do Meio,Tempestade Local/Convectiva - Chuvas Intensas,Reconhecido,2,0,0,0,12000,1000,21996,04/05/2024,34998,-12508,22490,34998,0,100
4301057,Arroio do Sal,,,,,,,,,,,,,,,,
4301073,Arroio do Padre,Tempestade Local/Convectiva - Chuvas Intensas,Reconhecido,0,0,0,0,0,0,2000,17/05/2024,2000,651,2651,2000,651,75.44322897
4301107,Arroio dos Ratos,Tempestade Local/Convectiva - Chuvas Intensas,Reconhecido,0,10,0,0,1800,60,0,15/05/2024,1870,13053,14923,1870,13053,12.53099243
4301206,Arroio do Tigre,Tempestade Local/Convectiva - Chuvas Intensas,Reconhecido,0,0,0,0,770,32,11256,06/05/2024,12058,238,12296,12058,238,98.06441119
4301305,Arroio Grande,Tempestade Local/Convectiva - Chuvas Intensas,Não reconhecido,0,0,0,0,24,75,4100,24/06/2024,4199,13688,17887,4199,13688,23.47514955
4301404,Arvorezinha,Tempestade Local/Convectiva - Chuvas Intensas,Reconhecido,0,1,0,1,1000,200,3511,02/05/2024,4713,5832,10545,4713,5832,44.69416785
4301503,Augusto Pestana,Tempestade Local/Convectiva - Chuvas Intensas,Reconhecido,0,0,0,0,0,0,7149,06/05/2024,7149,153,7302,7149,153,97.90468365
4301552,Áurea,Tempestade Local/Convectiva - Chuvas Intensas,Reconhecido,0,0,0,0,0,0,3665,05/05/2024,3665,-205,3460,3665,0,100
4301602,Bagé,Tempestade Local/Convectiva - Chuvas Intensas,Reconhecido,0,0,0,0,0,0,116792,14/05/2024,116792,5108,121900,116792,5108,95.80968007
4301636,Balneário Pinhal,Tempestade Local/Convectiva - Chuvas Intensas,Reconhecido,0,0,0,0,4036,6,0,03/05/2024,4042,11329,15371,4042,11329,26.2962722
4301651,Barão,Tempestade Local/Convectiva - Chuvas Intensas,Reconhecido,0,0,0,0,81,0,0,06/05/2024,81,6408,6489,81,6408,1.248266297
4301701,Barão de Cotegipe,Tempestade Local/Convectiva - Chuvas Intensas,Reconhecido,0,0,0,0,45,0,7099,06/05/2024,7144,169,7313,7144,169,97.6890469
4301750,Barão do Triunfo,Enxurradas,Reconhecido,0,0,0,0,0,0,5889,08/05/2024,5889,94,5983,5889,94,98.42888183
4301800,Barracão,,,,,,,,,,,,,,,,
4301859,Barra do Guarita,Tempestade Local/Convectiva - Chuvas Intensas,Reconhecido,0,0,0,0,52,40,2997,04/05/2024,3089,141,3230,3089,141,95.63467492
4301875,Barra do Quaraí,,,,,,,,,,,,,,,,
4301909,Barra do Ribeiro,Tempestade Local/Convectiva - Chuvas Intensas,Reconhecido,0,0,0,0,780,416,8200,06/05/2024,9396,3079,12475,9396,3079,75.31863727
4301925,Barra do Rio Azul,Tempestade Local/Convectiva - Chuvas Intensas,Reconhecido,0,0,0,0,0,420,1276,03/05/2024,1696,28,1724,1696,28,98.37587007
4301958,Barra Funda,Tempestade Local/Convectiva - Chuvas Intensas,Reconhecido,0,0,0,0,24,0,2526,03/05/2024,2550,5,2555,2550,5,99.80430528
4302006,Barros Cassal,Tempestade Local/Convectiva - Chuvas Intensas,Reconhecido,0,0,0,1,0,0,5047,05/05/2024,5048,4394,9442,5048,4394,53.46324931
4302055,Benjamin Constant do Sul,Tempestade Local/Convectiva - Chuvas Intensas,Reconhecido,0,0,0,0,0,0,0,03/05/2024,0,2120,2120,0,2120,0
4302105,Bento Gonçalves,Tempestade Local/Convectiva - Chuvas Intensas,Reconhecido,4,64,0,8,600,104,0,03/05/2024,780,126995,127775,780,126995,0.610448053
4302154,Boa Vista das Missões,Tempestade Local/Convectiva - Chuvas Intensas,Reconhecido,0,0,0,0,0,0,2114,03/05/2024,2114,-145,1969,2114,0,100
4302204,Boa Vista do Buricá,,,,,,,,,,,,,,,,
4302220,Boa Vista do Cadeado,Tempestade Local/Convectiva - Chuvas Intensas,Reconhecido,0,0,0,0,0,0,2226,11/05/2024,2226,45,2271,2226,45,98.01849406
4302238,Boa Vista do Incra,Tempestade Local/Convectiva - Chuvas Intensas,Reconhecido,0,0,0,0,0,0,486,07/05/2024,486,1829,2315,486,1829,20.99352052
4302253,Boa Vista do Sul,Tempestade Local/Convectiva - Chuvas Intensas,Reconhecido,2,0,0,0,5,0,2772,03/05/2024,2779,36,2815,2779,36,98.72113677
4302303,Bom Jesus,Tempestade Local/Convectiva - Vendaval,Reconhecido,0,0,0,0,0,0,11309,07/05/2024,11309,122,11431,11309,122,98.9327268
4302352,Bom Princípio,Tempestade Local/Convectiva - Chuvas Intensas,Reconhecido,1,0,0,0,468,171,63,03/05/2024,703,12947,13650,703,12947,5.15018315
4302378,Bom Progresso,Tempestade Local/Convectiva - Chuvas Intensas,Reconhecido,0,0,0,0,0,0,2328,09/05/2024,2328,-194,2134,2328,0,100
4302402,Bom Retiro do Sul,Tempestade Local/Convectiva - Chuvas Intensas,Reconhecido,0,0,0,0,1400,55,2500,04/05/2024,3955,8623,12578,3955,8623,31.44379075
4302451,Boqueirão do Leão,Tempestade Local/Convectiva - Chuvas Intensas,Reconhecido,0,0,0,0,114,0,0,02/05/2024,114,6101,6215,114,6101,1.834271923
4302501,Bossoroca,Tempestade Local/Convectiva - Chuvas Intensas,Reconhecido,0,0,0,0,0,0,6887,17/05/2024,6887,-899,5988,6887,0,100
4302584,Bozano,Tempestade Local/Convectiva - Chuvas Intensas,Reconhecido,0,0,0,0,0,0,2200,10/05/2024,2200,-5,2195,2200,0,100
4302600,Braga,Tempestade Local/Convectiva - Chuvas Intensas,Reconhecido,0,0,0,0,120,0,3148,07/05/2024,3268,58,3326,3268,58,98.25616356
4302659,Brochier,Tempestade Local/Convectiva - Chuvas Intensas,Reconhecido,0,0,0,0,100,3,4863,06/05/2024,4966,113,5079,4966,113,97.77515259
4302709,Butiá,Tempestade Local/Convectiva - Chuvas Intensas,Reconhecido,0,0,0,0,50,50,1000,02/05/2024,1100,18333,19433,1100,18333,5.660474451
4302808,Caçapava do Sul,Tempestade Local/Convectiva - Chuvas Intensas,Reconhecido,0,0,0,0,0,0,0,02/05/2024,0,33508,33508,0,33508,0
4302907,Cacequi,Tempestade Local/Convectiva - Chuvas Intensas,Reconhecido,0,0,0,0,107,16,11034,07/05/2024,11157,167,11324,11157,167,98.52525609
4303004,Cachoeira do Sul,Tempestade Local/Convectiva - Chuvas Intensas,Reconhecido,0,15,7,0,2446,372,80987,06/05/2024,83827,-1577,82250,83827,0,100
4303103,Cachoeirinha,Tempestade Local/Convectiva - Chuvas Intensas,Reconhecido,0,0,0,0,3016,1853,131389,07/05/2024,136258,5045,141303,136258,5045,96.42965825
4303202,Cacique Doble,Tempestade Local/Convectiva - Chuvas Intensas,Reconhecido,0,0,0,0,10,10,4583,06/05/2024,4603,91,4694,4603,91,98.06135492
4303301,Caibaté,Tempestade Local/Convectiva - Chuvas Intensas,Reconhecido,0,0,0,0,0,0,4704,28/05/2024,4704,93,4797,4704,93,98.06128831
4303400,Caiçara,Tempestade Local/Convectiva - Chuvas Intensas,Reconhecido,0,0,0,0,0,0,5071,03/05/2024,5071,-138,4933,5071,0,100
4303509,Camaquã,Tempestade Local/Convectiva - Chuvas Intensas,Reconhecido,0,0,0,0,0,0,1000,06/05/2024,1000,62959,63959,1000,62959,1.563501618
4303558,Camargo,Tempestade Local/Convectiva - Chuvas Intensas,Reconhecido,0,0,0,0,0,0,2981,05/05/2024,2981,75,3056,2981,75,97.54581152
4303608,Cambará do Sul,Tempestade Local/Convectiva - Vendaval,Reconhecido,0,0,0,0,4,0,299,13/05/2024,303,6189,6492,303,6189,4.66728281
4303673,Campestre da Serra,Enxurradas,Reconhecido,0,0,0,0,0,0,350,05/05/2024,350,2961,3311,350,2961,10.57082452
4303707,Campina das Missões,Tempestade Local/Convectiva - Chuvas Intensas,Não reconhecido,0,0,0,0,0,0,5882,06/05/2024,5882,119,6001,5882,119,98.01699717
4303806,Campinas do Sul,Tempestade Local/Convectiva - Chuvas Intensas,Reconhecido,0,0,0,0,3,0,5281,04/05/2024,5284,106,5390,5284,106,98.03339518
4303905,Campo Bom,Tempestade Local/Convectiva - Chuvas Intensas,Reconhecido,0,0,0,0,3200,280,6120,07/05/2024,9600,55104,64704,9600,55104,14.83679525
4304002,Campo Novo,Tempestade Local/Convectiva - Chuvas Intensas,Reconhecido,0,0,0,0,0,0,1200,05/06/2024,1200,3868,5068,1200,3868,23.67797948
4304101,Campos Borges,Tempestade Local/Convectiva - Chuvas Intensas,Reconhecido,0,0,0,0,30,0,0,02/05/2024,30,3663,3693,30,3663,0.812347685
4304200,Candelária,Tempestade Local/Convectiva - Chuvas Intensas,Reconhecido,1,7,25,120,800,500,23000,02/05/2024,24453,5723,30176,24453,5723,81.03459703
4304309,Cândido Godói,Tempestade Local/Convectiva - Chuvas Intensas,Reconhecido,0,0,0,0,0,0,6294,06/05/2024,6294,127,6421,6294,127,98.02211494
4304358,Candiota,Tempestade Local/Convectiva - Chuvas Intensas,Reconhecido,0,0,0,0,0,0,10710,07/05/2024,10710,282,10992,10710,282,97.43449782
4304408,Canela,Deslizamentos,Reconhecido,2,7,5,0,402,235,45000,03/05/2024,45651,4962,50613,45651,4962,90.19619465
4304507,Canguçu,Tempestade Local/Convectiva - Chuvas Intensas,Reconhecido,0,0,0,0,0,0,21284,06/05/2024,21284,29714,50998,21284,29714,41.73497
4304606,Canoas,Tempestade Local/Convectiva - Chuvas Intensas,Reconhecido,2,372,0,114,157512,22000,0,08/05/2024,180000,179554,359554,180000,179554,50.06202128
4304614,Canudos do Vale,Tempestade Local/Convectiva - Chuvas Intensas,Reconhecido,0,0,0,0,34,0,1622,05/05/2024,1656,31,1687,1656,31,98.16241849
4304622,Capão Bonito do Sul,Tempestade Local/Convectiva - Chuvas Intensas,Reconhecido,0,0,0,0,0,0,1753,06/05/2024,1753,16,1769,1753,16,99.0955342
4304630,Capão da Canoa,,,,,,,,,,,,,,,,
4304655,Capão do Cipó,Tempestade Local/Convectiva - Chuvas Intensas,Reconhecido,0,0,0,0,0,0,3699,17/05/2024,3699,-513,3186,3699,0,100
4304663,Capão do Leão,Tempestade Local/Convectiva - Chuvas Intensas,Reconhecido,0,0,0,0,0,0,7500,10/05/2024,7500,19889,27389,7500,19889,27.38325605
4304671,Capivari do Sul,,,,,,,,,,,,,,,,
4304689,Capela de Santana,Alagamentos,Reconhecido,0,0,0,0,100,50,0,03/05/2024,150,11266,11416,150,11266,1.31394534
4304697,Capitão,Tempestade Local/Convectiva - Chuvas Intensas,Reconhecido,2,15,0,0,106,32,2789,06/05/2024,2944,47,2991,2944,47,98.42861919
4304705,Carazinho,Tempestade Local/Convectiva - Chuvas Intensas,Reconhecido,0,0,0,0,7,0,0,07/05/2024,7,4072,4079,7,4072,0.171610689
4304713,Caraá,Tempestade Local/Convectiva - Chuvas Intensas,Registro,0,0,0,0,22,0,7291,06/05/2024,7313,240,7553,7313,240,96.82245465
4304804,Carlos Barbosa,Tempestade Local/Convectiva - Chuvas Intensas,Reconhecido,0,0,0,0,0,73,0,03/05/2024,73,31455,31528,73,31455,0.231540218
4304853,Carlos Gomes,Tempestade Local/Convectiva - Chuvas Intensas,Reconhecido,0,0,0,0,0,0,1355,06/05/2024,1355,32,1387,1355,32,97.69286229
4304903,Casca,Tempestade Local/Convectiva - Chuvas Intensas,Reconhecido,0,0,0,0,0,0,3500,07/05/2024,3500,6189,9689,3500,6189,36.12343895
4304952,Caseiros,,,,,,,,,,,,,,,,
4305009,Catuípe,Tempestade Local/Convectiva - Chuvas Intensas,Reconhecido,0,0,0,0,0,0,9323,07/05/2024,9323,-483,8840,9323,0,100
4305108,Caxias do Sul,Tempestade Local/Convectiva - Chuvas Intensas,Reconhecido,5,0,0,6,760,44,434667,06/05/2024,435482,43774,479256,435482,43774,90.86625937
4305116,Centenário,Tempestade Local/Convectiva - Chuvas Intensas,Reconhecido,0,0,0,0,0,0,2967,06/05/2024,2967,-188,2779,2967,0,100
4305124,Cerrito,Tempestade Local/Convectiva - Chuvas Intensas,Reconhecido,0,0,0,0,0,0,2000,07/05/2024,2000,3915,5915,2000,3915,33.8123415
4305132,Cerro Branco,Tempestade Local/Convectiva - Chuvas Intensas,Reconhecido,0,0,0,0,200,100,3500,03/05/2024,3800,65,3865,3800,65,98.31824062
4305157,Cerro Grande,Tempestade Local/Convectiva - Chuvas Intensas,Reconhecido,0,0,0,0,0,0,2417,03/05/2024,2417,12,2429,2417,12,99.50596953
4305173,Cerro Grande do Sul,Enxurradas,Reconhecido,0,0,0,0,150,103,1000,09/05/2024,1253,8090,9343,1253,8090,13.41110992
4305207,Cerro Largo,Tempestade Local/Convectiva - Chuvas Intensas,Reconhecido,0,0,0,0,0,0,13705,08/05/2024,13705,304,14009,13705,304,97.82996645
4305306,Chapada,Tempestade Local/Convectiva - Chuvas Intensas,Reconhecido,0,0,0,0,3,0,9475,05/05/2024,9478,270,9748,9478,270,97.23020107
4305355,Charqueadas,Tempestade Local/Convectiva - Chuvas Intensas,Reconhecido,0,0,0,0,6300,615,0,03/05/2024,6915,29194,36109,6915,29194,19.15035033
4305371,Charrua,,,,,,,,,,,,,,,,
4305405,Chiapetta,Tempestade Local/Convectiva - Chuvas Intensas,Reconhecido,0,0,0,0,0,0,4044,04/05/2024,4044,-52,3992,4044,0,100
4305439,Chuí,Tempestade Local/Convectiva - Chuvas Intensas,Reconhecido,0,0,0,0,34,0,6228,27/05/2024,6262,143,6405,6262,143,97.76736924
4305447,Chuvisca,Tempestade Local/Convectiva - Chuvas Intensas,Reconhecido,0,0,0,0,0,0,4944,15/05/2024,4944,-258,4686,4944,0,100
4305454,Cidreira,Alagamentos,Não reconhecido,0,0,0,0,3200,0,0,07/05/2024,3200,14338,17538,3200,14338,18.2460942
4305504,Ciríaco,Tempestade Local/Convectiva - Chuvas Intensas,Reconhecido,0,0,0,0,0,0,4149,03/05/2024,4149,66,4215,4149,66,98.4341637
4305587,Colinas,Tempestade Local/Convectiva - Chuvas Intensas,Reconhecido,0,80,200,0,1150,200,1030,03/05/2024,2660,-240,2420,2660,0,100
4305603,Colorado,Tempestade Local/Convectiva - Chuvas Intensas,Reconhecido,0,0,0,0,2,0,3548,06/05/2024,3550,-231,3319,3550,0,100
4305702,Condor,Tempestade Local/Convectiva - Chuvas Intensas,Reconhecido,0,0,0,0,40,0,6460,07/05/2024,6500,39,6539,6500,39,99.40357853
4305801,Constantina,Tempestade Local/Convectiva - Chuvas Intensas,Reconhecido,0,0,0,0,45,72,9624,04/05/2024,9741,882,10623,9741,882,91.69726066
4305835,Coqueiro Baixo,Tempestade Local/Convectiva - Chuvas Intensas,Reconhecido,0,0,0,0,10,1,1279,07/05/2024,1290,21,1311,1290,21,98.39816934
4305850,Coqueiros do Sul,,,,,,,,,,,,,,,,
4305871,Coronel Barros,Tempestade Local/Convectiva - Chuvas Intensas,Reconhecido,0,0,0,0,10,0,2812,29/05/2024,2822,70,2892,2822,70,97.57952974
4305900,Coronel Bicaco,Tempestade Local/Convectiva - Chuvas Intensas,Reconhecido,0,0,0,0,8,0,7740,03/05/2024,7748,-1518,6230,7748,0,100
4305934,Coronel Pilar,Tempestade Local/Convectiva - Chuvas Intensas,Reconhecido,0,0,0,0,20,70,1300,04/05/2024,1390,248,1638,1390,248,84.85958486
4305959,Cotiporã,Tempestade Local/Convectiva - Chuvas Intensas,Reconhecido,1,0,0,0,160,70,3686,12/05/2024,3917,9,3926,3917,9,99.77075904
4305975,Coxilha,Tempestade Local/Convectiva - Chuvas Intensas,Registro,0,0,0,0,0,0,200,16/05/2024,200,2519,2719,200,2519,7.355645458
4306007,Crissiumal,Tempestade Local/Convectiva - Chuvas Intensas,Reconhecido,0,0,0,0,0,0,14085,07/05/2024,14085,-958,13127,14085,0,100
4306056,Cristal,Tempestade Local/Convectiva - Chuvas Intensas,Reconhecido,0,0,0,0,144,0,0,30/04/2024,144,7310,7454,144,7310,1.931848672
4306072,Cristal do Sul,Tempestade Local/Convectiva - Chuvas Intensas,Reconhecido,0,0,0,0,4,8,2814,04/05/2024,2826,-80,2746,2826,0,100
4306106,Cruz Alta,Tempestade Local/Convectiva - Chuvas Intensas,Reconhecido,0,0,0,0,0,0,58913,02/05/2024,58913,1573,60486,58913,1573,97.39939821
4306130,Cruzaltense,Tempestade Local/Convectiva - Chuvas Intensas,Reconhecido,0,0,0,0,0,0,1635,02/05/2024,1635,20,1655,1635,20,98.79154079
4306205,Cruzeiro do Sul,Tempestade Local/Convectiva - Chuvas Intensas,Reconhecido,3,0,0,0,2987,800,12331,01/05/2024,16121,-3550,12571,16121,0,100
4306304,David Canabarro,Tempestade Local/Convectiva - Chuvas Intensas,Reconhecido,0,0,0,0,0,0,1728,20/04/2024,1728,2675,4403,1728,2675,39.24596866
4306320,Derrubadas,Tempestade Local/Convectiva - Chuvas Intensas,Reconhecido,0,0,0,0,12,0,2739,07/05/2024,2751,46,2797,2751,46,98.35538077
4306353,Dezesseis de Novembro,Tempestade Local/Convectiva - Chuvas Intensas,Reconhecido,0,0,0,0,0,0,0,06/05/2024,0,2544,2544,0,2544,0
4306379,Dilermando de Aguiar,Tempestade Local/Convectiva - Chuvas Intensas,Reconhecido,0,0,0,0,64,0,3000,01/05/2024,3064,-205,2859,3064,0,100
4306403,Dois Irmãos,Tempestade Local/Convectiva - Chuvas Intensas,Reconhecido,0,0,0,0,60,0,0,07/05/2024,60,31709,31769,60,31709,0.188863357
4306429,Dois Irmãos das Missões,Tempestade Local/Convectiva - Chuvas Intensas,Reconhecido,0,0,0,0,12,0,2145,03/05/2024,2157,-24,2133,2157,0,100
4306452,Dois Lajeados,Tempestade Local/Convectiva - Chuvas Intensas,Reconhecido,0,0,0,0,0,39,0,03/05/2024,39,3119,3158,39,3119,1.234958835
4306502,Dom Feliciano,Tempestade Local/Convectiva - Chuvas Intensas,Reconhecido,0,0,0,0,120,0,0,07/05/2024,120,13171,13291,120,13171,0.902866601
4306551,Dom Pedro de Alcântara,Tempestade Local/Convectiva - Chuvas Intensas,Reconhecido,0,0,0,0,0,0,1930,13/05/2024,1930,36164,38094,1930,36164,5.066414658
4306601,Dom Pedrito, Inundações,Reconhecido,0,0,0,0,0,0,18,09/05/2024,18,2532,2550,18,2532,0.705882353
4306700,Dona Francisca,Tempestade Local/Convectiva - Chuvas Intensas,Reconhecido,0,0,0,0,150,80,3171,03/05/2024,3401,-265,3136,3401,0,100
4306734,Doutor Maurício Cardoso,Tempestade Local/Convectiva - Chuvas Intensas,Reconhecido,0,0,0,0,0,0,4470,07/05/2024,4470,72,4542,4470,72,98.41479524
4306759,Doutor Ricardo,Tempestade Local/Convectiva - Chuvas Intensas,Registro,0,0,0,0,200,50,1638,24/05/2024,1888,37,1925,1888,37,98.07792208
4306767,Eldorado do Sul,Tempestade Local/Convectiva - Chuvas Intensas,Reconhecido,0,0,0,300,20000,6000,13259,06/05/2024,39559,1395,40954,39559,1395,96.59373932
4306809,Encantado,Tempestade Local/Convectiva - Chuvas Intensas,Reconhecido,1,12,0,2,923,726,21298,04/05/2024,22962,532,23494,22962,532,97.73559207
4306908,Encruzilhada do Sul,Tempestade Local/Convectiva - Chuvas Intensas,Reconhecido,0,0,0,0,15,0,7000,06/05/2024,7015,17265,24280,7015,17265,28.89209226
4306924,Engenho Velho,Tempestade Local/Convectiva - Chuvas Intensas,Reconhecido,0,0,0,0,15,15,1500,03/05/2024,1530,-213,1317,1530,0,100
4306957,Entre Rios do Sul,Tempestade Local/Convectiva - Chuvas Intensas,Reconhecido,0,0,0,0,12,0,3068,03/05/2024,3080,-349,2731,3080,0,100
4306932,Entre-Ijuís,Tempestade Local/Convectiva - Chuvas Intensas,Reconhecido,0,0,0,0,60,0,9098,16/05/2024,9158,206,9364,9158,206,97.80008543
4306973,Erebango,Tempestade Local/Convectiva - Chuvas Intensas,Reconhecido,0,0,0,0,0,0,3054,24/06/2024,3054,67,3121,3054,67,97.85325216
4307005,Erechim,Tempestade Local/Convectiva - Chuvas Intensas,Reconhecido,0,2,0,0,52,0,0,03/05/2024,54,109443,109497,54,109443,0.04931642
4307054,Ernestina,,,,,,,,,,,,,,,,
4307104,Herval,Tempestade Local/Convectiva - Chuvas Intensas,Reconhecido,0,0,0,0,0,0,6191,06/05/2024,6191,116,6307,6191,116,98.16077374
4307203,Erval Grande,Tempestade Local/Convectiva - Chuvas Intensas,Reconhecido,0,0,0,0,0,4,5163,03/05/2024,5167,-138,5029,5167,0,100
4307302,Erval Seco,Tempestade Local/Convectiva - Chuvas Intensas,Reconhecido,0,0,0,0,0,0,7878,03/05/2024,7878,-976,6902,7878,0,100
4307401,Esmeralda,Tempestade Local/Convectiva - Chuvas Intensas,Não reconhecido,0,0,0,0,0,0,40,10/05/2024,40,3224,3264,40,3224,1.225490196
4307450,Esperança do Sul,Tempestade Local/Convectiva - Chuvas Intensas,Reconhecido,0,0,0,0,0,0,3272,15/05/2024,3272,22,3294,3272,22,99.332119
4307500,Espumoso,Tempestade Local/Convectiva - Chuvas Intensas,Reconhecido,0,0,0,0,800,48,14325,03/05/2024,15173,305,15478,15173,305,98.02946117
4307559,Estação,Tempestade Local/Convectiva - Chuvas Intensas,Reconhecido,0,0,0,0,0,0,5517,03/05/2024,5517,171,5688,5517,171,96.99367089
4307609,Estância Velha,Tempestade Local/Convectiva - Chuvas Intensas,Registro,0,0,0,0,0,0,12,08/05/2024,12,49428,49440,12,49428,0.024271845
4307708,Esteio, Inundações,Não reconhecido,0,0,0,0,10000,1061,65076,18/05/2024,76137,2044,78181,76137,2044,97.38555403
4307807,Estrela, Inundações,Reconhecido,0,0,0,0,4000,1100,32183,03/05/2024,37283,-4040,33243,37283,0,100
4307815,Estrela Velha,Tempestade Local/Convectiva - Chuvas Intensas,Reconhecido,0,0,0,0,32,14,3024,06/05/2024,3070,50,3120,3070,50,98.3974359
4307831,Eugênio de Castro,Tempestade Local/Convectiva - Chuvas Intensas,Reconhecido,0,0,0,0,16,0,0,06/05/2024,16,2669,2685,16,2669,0.595903166
4307864,Fagundes Varela,Tempestade Local/Convectiva - Chuvas Intensas,Reconhecido,0,0,0,0,5,0,150,04/05/2024,155,2465,2620,155,2465,5.916030534
4307906,Farroupilha,Tempestade Local/Convectiva - Chuvas Intensas,Reconhecido,0,0,0,0,111,0,0,03/05/2024,111,72366,72477,111,72366,0.153152034
4308003,Faxinal do Soturno,Tempestade Local/Convectiva - Chuvas Intensas,Reconhecido,0,0,0,0,320,43,6309,30/04/2024,6672,174,6846,6672,174,97.45836985
4308052,Faxinalzinho,Tempestade Local/Convectiva - Chuvas Intensas,Reconhecido,0,0,0,0,12,0,2555,03/05/2024,2567,5,2572,2567,5,99.80559876
4308078,Fazenda Vilanova,Tempestade Local/Convectiva - Chuvas Intensas,Reconhecido,0,0,0,0,0,0,4291,07/05/2024,4291,108,4399,4291,108,97.54489657
4308102,Feliz,Tempestade Local/Convectiva - Chuvas Intensas,Reconhecido,0,0,0,0,1200,80,12484,03/05/2024,13764,215,13979,13764,215,98.46197868
4308201,Flores da Cunha,Tempestade Local/Convectiva - Chuvas Intensas,Reconhecido,0,0,0,0,80,12,30800,03/05/2024,30892,1081,31973,30892,1081,96.6190223
4308250,Floriano Peixoto,Tempestade Local/Convectiva - Chuvas Intensas,Reconhecido,0,0,0,0,0,0,1668,09/05/2024,1668,26,1694,1668,26,98.46517119
4308300,Fontoura Xavier,Tempestade Local/Convectiva - Chuvas Intensas,Reconhecido,1,91,62,0,400,23,6731,02/05/2024,7308,2413,9721,7308,2413,75.17745088
4308409,Formigueiro,Tempestade Local/Convectiva - Chuvas Intensas,Reconhecido,0,0,0,0,9,0,6404,03/05/2024,6413,120,6533,6413,120,98.16317159
4308433,Forquetinha,Enxurradas,Reconhecido,2,8,0,0,189,0,1023,07/05/2024,1222,1219,2441,1222,1219,50.06145023
4308458,Fortaleza dos Valos,Tempestade Local/Convectiva - Chuvas Intensas,Reconhecido,0,0,0,0,0,0,4577,06/05/2024,4577,-8,4569,4577,0,100
4308508,Frederico Westphalen,Tempestade Local/Convectiva - Chuvas Intensas,Reconhecido,0,0,0,0,22,6,32599,04/05/2024,32627,1057,33684,32627,1057,96.86201164
4308607,Garibaldi,Tempestade Local/Convectiva - Chuvas Intensas,Reconhecido,0,0,0,0,0,17,31500,02/05/2024,31517,4005,35522,31517,4005,88.725297
4308656,Garruchos,Tempestade Local/Convectiva - Chuvas Intensas,Reconhecido,0,0,0,0,88,0,2600,07/05/2024,2688,41,2729,2688,41,98.49761818
4308706,Gaurama,Tempestade Local/Convectiva - Chuvas Intensas,Reconhecido,0,0,0,0,0,0,5665,09/05/2024,5665,115,5780,5665,115,98.01038062
4308805,General Câmara,Tempestade Local/Convectiva - Chuvas Intensas,Reconhecido,1,0,0,0,300,400,0,03/05/2024,701,7050,7751,701,7050,9.043994323
4308854,Gentil,Tempestade Local/Convectiva - Chuvas Intensas,Reconhecido,0,0,0,0,1,0,1743,04/05/2024,1744,39,1783,1744,39,97.81267527
4308904,Getúlio Vargas,Tempestade Local/Convectiva - Chuvas Intensas,Reconhecido,0,0,0,0,0,0,16156,15/05/2024,16156,794,16950,16156,794,95.31563422
4309001,Giruá,Tempestade Local/Convectiva - Chuvas Intensas,Reconhecido,0,0,0,0,0,0,1890,09/05/2024,1890,14392,16282,1890,14392,11.60791058
4309050,Glorinha,Tempestade Local/Convectiva - Chuvas Intensas,Reconhecido,0,0,0,0,0,0,2000,13/05/2024,2000,5842,7842,2000,5842,25.50369804
4309100,Gramado,Tempestade Local/Convectiva - Chuvas Intensas,Reconhecido,7,2,0,0,900,272,103,05/05/2024,1284,40337,41621,1284,40337,3.084981139
4309126,Gramado dos Loureiros,Tempestade Local/Convectiva - Chuvas Intensas,Reconhecido,0,0,0,0,160,10,2099,06/05/2024,2269,-220,2049,2269,0,100
4309159,Gramado Xavier,Tempestade Local/Convectiva - Chuvas Intensas,Reconhecido,0,0,0,164,12,0,3128,03/05/2024,3304,52,3356,3304,52,98.45053635
4309209,Gravataí,Tempestade Local/Convectiva - Chuvas Intensas,Registro,0,0,0,0,1200,314,8000,18/05/2024,9514,265780,275294,9514,265780,3.455941648
4309258,Guabiju,Tempestade Local/Convectiva - Chuvas Intensas,Reconhecido,0,0,0,0,0,0,1598,06/05/2024,1598,0,1598,1598,0,100
4309308,Guaíba,Tempestade Local/Convectiva - Chuvas Intensas,Reconhecido,0,6870,0,0,40000,13000,0,06/05/2024,59870,35360,95230,59870,35360,62.86884385
4309407,Guaporé,Tempestade Local/Convectiva - Chuvas Intensas,Reconhecido,0,0,0,0,76,7,25885,02/05/2024,25968,-3158,22810,25968,0,100
4309506,Guarani das Missões,Tempestade Local/Convectiva - Chuvas Intensas,Reconhecido,0,0,0,0,0,0,7415,27/05/2024,7415,700,8115,7415,700,91.37399877
4309555,Harmonia,Tempestade Local/Convectiva - Chuvas Intensas,Reconhecido,0,0,0,0,179,28,16,07/05/2024,223,4031,4254,223,4031,5.242125059
4309571,Herveiras,Tempestade Local/Convectiva - Chuvas Intensas,Reconhecido,0,0,0,0,40,0,2486,07/05/2024,2526,428,2954,2526,428,85.51117129
4309605,Horizontina,Tempestade Local/Convectiva - Chuvas Intensas,Reconhecido,0,0,0,0,31,0,19358,06/05/2024,19389,-1039,18350,19389,0,100
4309654,Hulha Negra,Tempestade Local/Convectiva - Chuvas Intensas,Reconhecido,0,0,0,0,0,0,6048,15/05/2024,6048,0,6048,6048,0,100
4309704,Humaitá,Tempestade Local/Convectiva - Chuvas Intensas,Reconhecido,0,0,0,0,0,0,4681,07/05/2024,4681,238,4919,4681,238,95.16161822
4309753,Ibarama,Tempestade Local/Convectiva - Chuvas Intensas,Reconhecido,0,10,0,0,150,27,3549,05/05/2024,3736,635,4371,3736,635,85.47243194
4309803,Ibiaçá,Tempestade Local/Convectiva - Chuvas Intensas,Reconhecido,0,0,0,0,0,0,2500,05/05/2024,2500,2210,4710,2500,2210,53.07855626
4309902,Ibiraiaras,Tempestade Local/Convectiva - Chuvas Intensas,Não reconhecido,0,0,0,0,0,0,7175,08/05/2024,7175,0,7175,7175,0,100
4309951,Ibirapuitã,Tempestade Local/Convectiva - Chuvas Intensas,Reconhecido,0,0,0,0,0,0,1670,04/05/2024,1670,2391,4061,1670,2391,41.12287614
4310009,Ibirubá,Alagamentos,Registro,0,0,0,0,100,0,0,02/05/2024,100,19212,19312,100,19212,0.517812759
4310108,Igrejinha,Tempestade Local/Convectiva - Chuvas Intensas,Reconhecido,0,0,0,0,25000,500,6163,06/05/2024,31663,0,31663,31663,0,100
4310207,Ijuí,Tempestade Local/Convectiva - Chuvas Intensas,Reconhecido,0,0,0,0,0,0,84041,06/05/2024,84041,-5121,78920,84041,0,100
4310306,Ilópolis,Tempestade Local/Convectiva - Chuvas Intensas,Reconhecido,0,0,0,0,32,0,0,03/05/2024,32,4066,4098,32,4066,0.780868716
4310330,Imbé,,,,,,,,,,,,,,,,
4310363,Imigrante,Tempestade Local/Convectiva - Chuvas Intensas,Reconhecido,0,5,5,20,500,40,2455,30/04/2024,3025,0,3025,3025,0,100
4310405,Independência,Tempestade Local/Convectiva - Chuvas Intensas,Reconhecido,0,0,0,0,0,0,1800,06/05/2024,1800,4818,6618,1800,4818,27.19854941
4310413,Inhacorá,Tempestade Local/Convectiva - Chuvas Intensas,Reconhecido,0,0,0,0,0,0,2267,06/05/2024,2267,0,2267,2267,0,100
4310439,Ipê,Tempestade Local/Convectiva - Chuvas Intensas,Reconhecido,0,0,0,0,78,0,5939,03/05/2024,6017,0,6017,6017,0,100
4310462,Ipiranga do Sul,Tempestade Local/Convectiva - Chuvas Intensas,Reconhecido,0,0,0,0,0,0,1720,28/06/2024,1720,224,1944,1720,224,88.47736626
4310504,Iraí,Tempestade Local/Convectiva - Chuvas Intensas,Reconhecido,0,0,0,0,92,0,7986,03/05/2024,8078,0,8078,8078,0,100
4310538,Itaara,Tempestade Local/Convectiva - Chuvas Intensas,Reconhecido,1,18,0,0,50,50,441,03/05/2024,560,4451,5011,560,4451,11.17541409
4310553,Itacurubi,Tempestade Local/Convectiva - Chuvas Intensas,Reconhecido,0,0,0,0,0,0,2995,17/05/2024,2995,446,3441,2995,446,87.03865155
4310579,Itapuca,Tempestade Local/Convectiva - Chuvas Intensas,Reconhecido,0,0,0,0,3,0,1515,06/05/2024,1518,819,2337,1518,819,64.9550706
4310603,Itaqui, Inundações,Reconhecido,0,0,0,0,1379,90,0,10/05/2024,1469,36697,38166,1469,36697,3.848975528
4310652,Itati,Tempestade Local/Convectiva - Chuvas Intensas,Reconhecido,0,0,0,0,600,80,1602,02/05/2024,2282,307,2589,2282,307,88.14213982
4310702,Itatiba do Sul,Tempestade Local/Convectiva - Chuvas Intensas,Reconhecido,0,0,0,0,0,0,4171,03/05/2024,4171,0,4171,4171,0,100
4310751,Ivorá,Tempestade Local/Convectiva - Chuvas Intensas,Reconhecido,0,1,6,0,23,11,177,03/05/2024,218,1938,2156,218,1938,10.11131725
4310801,Ivoti,Tempestade Local/Convectiva - Chuvas Intensas,Reconhecido,0,0,0,0,361,55,300,10/05/2024,716,19161,19877,716,19161,3.602153242
4310850,Jaboticaba,Tempestade Local/Convectiva - Chuvas Intensas,Reconhecido,0,0,0,0,0,0,4111,03/05/2024,4111,0,4111,4111,0,100
4310876,Jacuizinho,Tempestade Local/Convectiva - Chuvas Intensas,Reconhecido,0,0,0,0,40,5,2000,06/05/2024,2045,462,2507,2045,462,81.57159952
4310900,Jacutinga,Tempestade Local/Convectiva - Chuvas Intensas,Reconhecido,0,0,0,0,0,0,3630,20/05/2024,3630,0,3630,3630,0,100
4311007,Jaguarão,Tempestade Local/Convectiva - Chuvas Intensas,Reconhecido,0,0,0,0,0,0,27942,06/05/2024,27942,0,27942,27942,0,100
4311106,Jaguari,Tempestade Local/Convectiva - Chuvas Intensas,Reconhecido,0,0,0,0,36,0,11442,19/04/2024,11478,0,11478,11478,0,100
4311122,Jaquirana,Tempestade Local/Convectiva - Chuvas Intensas,Reconhecido,0,0,0,0,0,0,4177,26/06/2024,4177,0,4177,4177,0,100
4311130,Jari,Tempestade Local/Convectiva - Chuvas Intensas,Reconhecido,0,0,0,0,0,0,3349,03/05/2024,3349,226,3575,3349,226,93.67832168
4311155,Jóia,Tempestade Local/Convectiva - Chuvas Intensas,Reconhecido,0,0,0,0,0,0,8329,06/05/2024,8329,0,8329,8329,0,100
4311205,Júlio de Castilhos,Tempestade Local/Convectiva - Chuvas Intensas,Reconhecido,0,0,0,0,10,7,19579,30/04/2024,19596,-17,19579,19596,0,100
4311239,Lagoa Bonita do Sul,Tempestade Local/Convectiva - Chuvas Intensas,Reconhecido,0,1,0,0,15,0,2235,01/05/2024,2251,411,2662,2251,411,84.56048084
4311254,Lagoão,Tempestade Local/Convectiva - Chuvas Intensas,Reconhecido,0,0,0,0,0,0,6185,02/05/2024,6185,0,6185,6185,0,100
4311270,Lagoa dos Três Cantos,Tempestade Local/Convectiva - Chuvas Intensas,Reconhecido,0,0,0,0,0,0,1738,04/05/2024,1738,-140,1598,1738,0,100
4311304,Lagoa Vermelha,Tempestade Local/Convectiva - Chuvas Intensas,Reconhecido,0,0,0,0,5,7,27517,04/05/2024,27529,0,27529,27529,0,100
4311403,Lajeado,Tempestade Local/Convectiva - Chuvas Intensas,Reconhecido,10,60,0,50,5000,1326,65000,04/05/2024,71446,35,71481,71446,35,99.95103594
4311429,Lajeado do Bugre,Tempestade Local/Convectiva - Chuvas Intensas,Reconhecido,0,0,0,0,0,0,2487,03/05/2024,2487,0,2487,2487,0,100
4311502,Lavras do Sul,Tempestade Local/Convectiva - Chuvas Intensas,Reconhecido,0,0,0,0,10,0,300,02/05/2024,310,7359,7669,310,7359,4.042248011
4311601,Liberato Salzano,Tempestade Local/Convectiva - Chuvas Intensas,Reconhecido,0,20,0,0,404,0,5356,03/05/2024,5780,0,5780,5780,0,100
4311627,Lindolfo Collor,Tempestade Local/Convectiva - Chuvas Intensas,Reconhecido,0,1,0,0,250,150,0,07/05/2024,401,4828,5229,401,4828,7.668770319
4311643,Linha Nova,Tempestade Local/Convectiva - Chuvas Intensas,Reconhecido,0,0,0,0,30,5,0,08/05/2024,35,1589,1624,35,1589,2.155172414
4311700,Machadinho,Tempestade Local/Convectiva - Chuvas Intensas,Reconhecido,0,0,0,0,0,0,2127,09/05/2024,2127,3388,5515,2127,3388,38.56754306
4311718,Maçambará,Tempestade Local/Convectiva - Chuvas Intensas,Reconhecido,0,0,0,0,0,0,3430,08/05/2024,3430,1312,4742,3430,1312,72.33234922
4311734,Mampituba,Tempestade Local/Convectiva - Chuvas Intensas,Reconhecido,0,0,0,0,30,0,3101,16/05/2024,3131,-134,2997,3131,0,100
4311759,Manoel Viana,Tempestade Local/Convectiva - Chuvas Intensas,Reconhecido,0,0,0,0,432,8,0,03/05/2024,440,6634,7074,440,6634,6.219960418
4311775,Maquiné,Tempestade Local/Convectiva - Chuvas Intensas,Reconhecido,0,0,0,0,300,52,2900,06/05/2024,3252,3656,6908,3252,3656,47.07585408
4311791,Maratá,Tempestade Local/Convectiva - Chuvas Intensas,Reconhecido,0,0,0,0,19,0,1909,03/05/2024,1928,599,2527,1928,599,76.29600317
4311809,Marau,Tempestade Local/Convectiva - Chuvas Intensas,Reconhecido,0,0,0,0,24,30,9300,03/05/2024,9354,27029,36383,9354,27029,25.70980953
4311908,Marcelino Ramos,Tempestade Local/Convectiva - Chuvas Intensas,Reconhecido,0,0,0,0,12,0,0,05/05/2024,12,5122,5134,12,5122,0.233735878
4311981,Mariana Pimentel,Tempestade Local/Convectiva - Chuvas Intensas,Registro,0,0,0,0,14,0,4306,23/05/2024,4320,814,5134,4320,814,84.14491624
4312005,Mariano Moro,Tempestade Local/Convectiva - Chuvas Intensas,Reconhecido,0,0,0,0,0,0,1858,03/05/2024,1858,352,2210,1858,352,84.07239819
4312054,Marques de Souza,Tempestade Local/Convectiva - Chuvas Intensas,Reconhecido,0,20,0,1,150,400,3497,30/04/2024,4068,0,4068,4068,0,100
4312104,Mata,Tempestade Local/Convectiva - Chuvas Intensas,Reconhecido,0,0,0,0,700,100,4311,03/05/2024,5111,0,5111,5111,0,100
4312138,Mato Castelhano,Tempestade Local/Convectiva - Chuvas Intensas,Reconhecido,0,0,0,0,59,0,1500,06/05/2024,1559,911,2470,1559,911,63.11740891
4312153,Mato Leitão,Tempestade Local/Convectiva - Chuvas Intensas,Reconhecido,0,0,0,0,48,0,0,06/05/2024,48,3821,3869,48,3821,1.240630654
4312179,Mato Queimado,Tempestade Local/Convectiva - Chuvas Intensas,Reconhecido,0,0,0,0,3,0,1796,17/05/2024,1799,0,1799,1799,0,100
4312203,Maximiliano de Almeida,Tempestade Local/Convectiva - Chuvas Intensas,Reconhecido,0,0,0,0,0,0,4191,20/04/2024,4191,716,4907,4191,716,85.40859996
4312252,Minas do Leão,Alagamentos,Reconhecido,0,0,0,0,68,12,140,06/05/2024,220,7411,7631,220,7411,2.882977329
4312302,Miraguaí,Tempestade Local/Convectiva - Chuvas Intensas,Reconhecido,0,0,0,0,0,0,4855,05/05/2024,4855,0,4855,4855,0,100
4312351,Montauri,Tempestade Local/Convectiva - Chuvas Intensas,Reconhecido,0,0,0,0,0,0,0,04/05/2024,0,1542,1542,0,1542,0
4312377,Monte Alegre dos Campos,Tempestade Local/Convectiva - Vendaval,Reconhecido,0,0,0,0,0,2,276,29/04/2024,278,2820,3098,278,2820,8.973531311
4312385,Monte Belo do Sul,Tempestade Local/Convectiva - Chuvas Intensas,Reconhecido,0,19,0,0,50,147,0,06/05/2024,216,2454,2670,216,2454,8.08988764
4312401,Montenegro,Tempestade Local/Convectiva - Chuvas Intensas,Reconhecido,0,0,0,0,7845,768,2650,01/05/2024,11263,48173,59436,11263,48173,18.94979474
4312427,Mormaço,Tempestade Local/Convectiva - Chuvas Intensas,Reconhecido,0,0,0,0,7,0,2749,06/05/2024,2756,-7,2749,2756,0,100
4312443,Morrinhos do Sul,Tempestade Local/Convectiva - Chuvas Intensas,Reconhecido,0,0,0,0,0,0,3185,06/05/2024,3185,0,3185,3185,0,100
4312450,Morro Redondo,Tempestade Local/Convectiva - Chuvas Intensas,Reconhecido,0,0,0,0,0,0,1940,23/05/2024,1940,4291,6231,1940,4291,31.13464933
4312476,Morro Reuter,Tempestade Local/Convectiva - Chuvas Intensas,Reconhecido,0,0,0,0,40,0,1500,06/05/2024,1540,4140,5680,1540,4140,27.11267606
4312500,Mostardas,Tempestade Local/Convectiva - Chuvas Intensas,Reconhecido,0,0,0,0,0,0,0,03/05/2024,0,12130,12130,0,12130,0
4312609,Muçum,Tempestade Local/Convectiva - Chuvas Intensas,Reconhecido,0,0,0,0,3520,306,965,02/05/2024,4791,0,4791,4791,0,100
4312617,Muitos Capões,Tempestade Local/Convectiva - Chuvas Intensas,Reconhecido,0,0,0,0,10,0,2869,08/05/2024,2879,98,2977,2879,98,96.7080954
4312625,Muliterno,,,,,,,,,,,,,,,,
4312658,Não-Me-Toque,Tempestade Local/Convectiva - Chuvas Intensas,Reconhecido,0,1,0,0,3,3,3600,06/05/2024,3607,12331,15938,3607,12331,22.63144686
4312674,Nicolau Vergueiro,Tempestade Local/Convectiva - Vendaval,Registro,0,0,0,0,0,0,0,01/04/2024,0,1721,1721,0,1721,0
4312708,Nonoai,Tempestade Local/Convectiva - Chuvas Intensas,Reconhecido,0,0,0,0,52,0,12024,04/05/2024,12076,0,12076,12076,0,100
4312757,Nova Alvorada,Tempestade Local/Convectiva - Chuvas Intensas,Reconhecido,0,0,0,0,103,22,0,04/05/2024,125,3052,3177,125,3052,3.93452943
4312807,Nova Araçá,,,,,,,,,,,,,,,,
4312906,Nova Bassano,Tempestade Local/Convectiva - Chuvas Intensas,Reconhecido,0,0,0,0,650,0,8999,02/05/2024,9649,-809,8840,9649,0,100
4312955,Nova Boa Vista,Tempestade Local/Convectiva - Chuvas Intensas,Reconhecido,0,0,0,0,1,0,2041,03/05/2024,2042,-82,1960,2042,0,100
4313003,Nova Bréscia,Tempestade Local/Convectiva - Chuvas Intensas,Reconhecido,0,0,0,0,5,16,3013,05/05/2024,3034,150,3184,3034,150,95.28894472
4313011,Nova Candelária,,,,,,,,,,,,,,,,
4313037,Nova Esperança do Sul,Tempestade Local/Convectiva - Chuvas Intensas,Reconhecido,0,0,0,0,0,0,4671,02/05/2024,4671,0,4671,4671,0,100
4313060,Nova Hartz,Tempestade Local/Convectiva - Chuvas Intensas,Reconhecido,0,0,0,0,32,0,200,09/05/2024,232,18114,18346,232,18114,1.264580835
4313086,Nova Pádua,Tempestade Local/Convectiva - Chuvas Intensas,Reconhecido,0,0,0,0,72,0,0,08/05/2024,72,2318,2390,72,2318,3.012552301
4313102,Nova Palma,Tempestade Local/Convectiva - Chuvas Intensas,Reconhecido,0,0,0,0,550,50,5745,03/05/2024,6345,0,6345,6345,0,100
4313201,Nova Petrópolis,Tempestade Local/Convectiva - Chuvas Intensas,Reconhecido,0,0,3,0,1200,35,21000,05/05/2024,22238,-3180,19058,22238,0,100
4313300,Nova Prata,Enxurradas,Reconhecido,0,0,0,0,180,3,8412,02/05/2024,8595,14235,22830,8595,14235,37.6478318
4313334,Nova Ramada,Tempestade Local/Convectiva - Chuvas Intensas,Reconhecido,0,0,0,0,16,0,2421,03/05/2024,2437,0,2437,2437,0,100
4313359,Nova Roma do Sul,Tempestade Local/Convectiva - Chuvas Intensas,Reconhecido,0,0,0,0,0,0,3466,02/05/2024,3466,-119,3347,3466,0,100
4313375,Nova Santa Rita,Tempestade Local/Convectiva - Chuvas Intensas,Reconhecido,0,0,50,0,8000,1500,0,14/05/2024,9550,13156,22706,9550,13156,42.05936757
4313391,Novo Cabrais,Tempestade Local/Convectiva - Chuvas Intensas,Reconhecido,0,0,0,0,50,10,0,03/05/2024,60,3795,3855,60,3795,1.556420233
4313409,Novo Hamburgo,Tempestade Local/Convectiva - Chuvas Intensas,Reconhecido,0,0,0,0,10000,3981,7000,02/05/2024,20981,218070,239051,20981,218070,8.776788217
4313425,Novo Machado,Tempestade Local/Convectiva - Chuvas Intensas,Reconhecido,0,0,0,0,0,0,3198,07/05/2024,3198,729,3927,3198,729,81.43621085
4313441,Novo Tiradentes,Tempestade Local/Convectiva - Chuvas Intensas,Reconhecido,0,0,0,0,7,0,2139,03/05/2024,2146,131,2277,2146,131,94.24681599
4313466,Novo Xingu,Tempestade Local/Convectiva - Chuvas Intensas,Reconhecido,0,0,0,0,50,0,1596,03/05/2024,1646,111,1757,1646,111,93.6824132
4313490,Novo Barreiro,Tempestade Local/Convectiva - Chuvas Intensas,Reconhecido,0,0,0,0,48,0,4224,07/05/2024,4272,-294,3978,4272,0,100
4313508,Osório,Alagamentos,Não reconhecido,0,0,0,0,10,0,0,22/05/2024,10,40931,40941,10,40931,0.024425393
4313607,Paim Filho,Tempestade Local/Convectiva - Chuvas Intensas,Reconhecido,0,0,0,0,0,0,3629,04/05/2024,3629,614,4243,3629,614,85.52910676
4313656,Palmares do Sul,Tempestade Local/Convectiva - Chuvas Intensas,Reconhecido,0,0,0,0,150,0,0,06/05/2024,150,10821,10971,150,10821,1.367240908
4313706,Palmeira das Missões,Tempestade Local/Convectiva - Chuvas Intensas,Reconhecido,0,0,0,0,0,0,34335,04/05/2024,34335,0,34335,34335,0,100
4313805,Palmitinho,Tempestade Local/Convectiva - Chuvas Intensas,Reconhecido,0,0,0,0,54,10,7775,03/05/2024,7839,-919,6920,7839,0,100
4313904,Panambi,Tempestade Local/Convectiva - Chuvas Intensas,Reconhecido,36064,0,0,0,4,0,0,03/05/2024,36068,2000,38068,36068,2000,94.74624356
4313953,Pantano Grande,Tempestade Local/Convectiva - Chuvas Intensas,Reconhecido,1,0,0,0,2550,80,2770,02/05/2024,5401,4494,9895,5401,4494,54.58312279
4314001,Paraí,Tempestade Local/Convectiva - Chuvas Intensas,Reconhecido,0,0,0,0,0,0,6812,05/05/2024,6812,0,6812,6812,0,100
4314027,Paraíso do Sul,Tempestade Local/Convectiva - Chuvas Intensas,Reconhecido,0,0,0,0,0,0,6519,03/05/2024,6519,817,7336,6519,817,88.86314068
4314035,Pareci Novo,Tempestade Local/Convectiva - Chuvas Intensas,Reconhecido,0,0,0,0,626,503,0,05/05/2024,1129,2382,3511,1129,2382,32.15608089
4314050,Parobé,Tempestade Local/Convectiva - Chuvas Intensas,Reconhecido,0,0,500,0,6000,598,0,08/05/2024,7098,44383,51481,7098,44383,13.78761096
4314068,Passa Sete,Tempestade Local/Convectiva - Chuvas Intensas,Reconhecido,0,0,0,0,1000,0,3982,04/05/2024,4982,177,5159,4982,177,96.56910254
4314076,Passo do Sobrado,Tempestade Local/Convectiva - Chuvas Intensas,Reconhecido,0,0,0,0,50,34,2800,03/05/2024,2884,3127,6011,2884,3127,47.97870571
4314100,Passo Fundo,Tempestade Local/Convectiva - Chuvas Intensas,Reconhecido,0,0,0,0,468,0,0,05/06/2024,468,184401,184869,468,184401,0.253152232
4314134,Paulo Bento,Tempestade Local/Convectiva - Chuvas Intensas,Reconhecido,0,0,0,0,6,0,2190,06/05/2024,2196,0,2196,2196,0,100
4314159,Paverama,Tempestade Local/Convectiva - Chuvas Intensas,Reconhecido,2,0,0,0,95,0,5000,30/04/2024,5097,2950,8047,5097,2950,63.3403753
4314175,Pedras Altas,Tempestade Local/Convectiva - Chuvas Intensas,Reconhecido,0,0,0,0,0,0,2061,07/05/2024,2061,157,2218,2061,157,92.92155095
4314209,Pedro Osório, Inundações,Reconhecido,0,0,0,0,0,0,0,08/05/2024,0,7817,7817,0,7817,0
4314308,Pejuçara,Tempestade Local/Convectiva - Chuvas Intensas,Registro,0,0,0,0,0,0,3745,07/05/2024,3745,228,3973,3745,228,94.26126353
4314407,Pelotas,Tempestade Local/Convectiva - Chuvas Intensas,Reconhecido,0,0,0,0,720,740,104000,18/05/2024,105460,222318,327778,105460,222318,32.17421548
4314423,Picada Café,Tempestade Local/Convectiva - Chuvas Intensas,Reconhecido,0,0,0,0,16,13,5322,06/05/2024,5351,-169,5182,5351,0,100
4314456,Pinhal,Tempestade Local/Convectiva - Chuvas Intensas,Reconhecido,0,0,0,0,0,150,2809,05/05/2024,2959,-444,2515,2959,0,100
4314464,Pinhal da Serra,,,,,,,,,,,,,,,,
4314472,Pinhal Grande,Tempestade Local/Convectiva - Chuvas Intensas,Reconhecido,1,0,0,1,43,26,4400,01/05/2024,4471,0,4471,4471,0,100
4314498,Pinheirinho do Vale,Tempestade Local/Convectiva - Chuvas Intensas,Reconhecido,0,0,0,0,20,0,4503,07/05/2024,4523,-20,4503,4523,0,100
4314506,Pinheiro Machado,Tempestade Local/Convectiva - Chuvas Intensas,Reconhecido,0,0,0,0,0,0,11214,03/05/2024,11214,1573,12787,11214,1573,87.69844373
4314548,Pinto Bandeira,Tempestade Local/Convectiva - Chuvas Intensas,Reconhecido,0,0,0,0,100,15,200,14/05/2024,315,2469,2784,315,2469,11.31465517
4314555,Pirapó,Tempestade Local/Convectiva - Chuvas Intensas,Reconhecido,0,0,0,0,0,0,1200,11/05/2024,1200,1557,2757,1200,1557,43.52557127
4314605,Piratini,Tempestade Local/Convectiva - Chuvas Intensas,Reconhecido,0,0,0,0,0,0,19831,06/05/2024,19831,0,19831,19831,0,100
4314704,Planalto,Tempestade Local/Convectiva - Chuvas Intensas,Reconhecido,0,0,0,0,0,0,10524,04/05/2024,10524,0,10524,10524,0,100
4314753,Poço das Antas,Tempestade Local/Convectiva - Chuvas Intensas,Reconhecido,0,0,0,1,61,0,1955,07/05/2024,2017,0,2017,2017,0,100
4314779,Pontão,Tempestade Local/Convectiva - Chuvas Intensas,Reconhecido,0,0,0,0,5,0,0,07/05/2024,5,3852,3857,5,3852,0.129634431
4314787,Ponte Preta,Tempestade Local/Convectiva - Chuvas Intensas,Reconhecido,0,0,0,0,167,0,1408,03/05/2024,1575,175,1750,1575,175,90
4314803,Portão, Inundações,Reconhecido,0,0,0,0,70,22,100,02/05/2024,192,30689,30881,192,30689,0.621741524
4314902,Porto Alegre,Tempestade Local/Convectiva - Chuvas Intensas,Reconhecido,0,50,50,0,10000,83,0,06/05/2024,10183,1399756,1409939,10183,1399756,0.722229827
4315008,Porto Lucena,Tempestade Local/Convectiva - Chuvas Intensas,Reconhecido,0,0,0,0,33,2,4325,06/05/2024,4360,1061,5421,4360,1061,80.42796532
4315057,Porto Mauá,Tempestade Local/Convectiva - Chuvas Intensas,Reconhecido,0,0,0,0,0,0,2142,06/05/2024,2142,402,2544,2142,402,84.19811321
4315073,Porto Vera Cruz,Tempestade Local/Convectiva - Chuvas Intensas,Reconhecido,0,0,0,0,0,0,1560,06/05/2024,1560,292,1852,1560,292,84.23326134
4315107,Porto Xavier,Tempestade Local/Convectiva - Chuvas Intensas,Reconhecido,0,0,0,0,760,50,9748,06/05/2024,10558,2,10560,10558,2,99.98106061
4315131,Pouso Novo,Tempestade Local/Convectiva - Chuvas Intensas,Reconhecido,0,2,0,0,90,0,1647,08/05/2024,1739,136,1875,1739,136,92.74666667
4315149,Presidente Lucena,Enxurradas,Reconhecido,0,0,0,0,0,0,3077,02/05/2024,3077,-592,2485,3077,0,100
4315156,Progresso,Tempestade Local/Convectiva - Chuvas Intensas,Reconhecido,0,0,0,0,0,0,5340,03/05/2024,5340,821,6161,5340,821,86.67424119
4315172,Protásio Alves,Tempestade Local/Convectiva - Chuvas Intensas,Reconhecido,0,0,0,0,13,0,61,03/05/2024,74,1926,2000,74,1926,3.7
4315206,Putinga,Tempestade Local/Convectiva - Chuvas Intensas,Reconhecido,1,0,0,0,0,0,0,03/05/2024,1,4146,4147,1,4146,0.024113817
4315305,Quaraí,Tempestade Local/Convectiva - Chuvas Intensas,Reconhecido,0,0,0,0,0,57,7000,02/05/2024,7057,15964,23021,7057,15964,30.6546197
4315313,Quatro Irmãos,Tempestade Local/Convectiva - Chuvas Intensas,Reconhecido,0,0,0,0,0,0,1552,21/05/2024,1552,226,1778,1552,226,87.28908886
4315321,Quevedos,Tempestade Local/Convectiva - Chuvas Intensas,Reconhecido,0,0,0,0,0,0,2710,22/04/2024,2710,0,2710,2710,0,100
4315354,Quinze de Novembro,Tempestade Local/Convectiva - Chuvas Intensas,Reconhecido,0,0,0,0,0,0,2500,02/05/2024,2500,1153,3653,2500,1153,68.43690118
4315404,Redentora,Tempestade Local/Convectiva - Chuvas Intensas,Reconhecido,0,0,0,0,65,42,10115,03/05/2024,10222,0,10222,10222,0,100
4315453,Relvado,Tempestade Local/Convectiva - Chuvas Intensas,Reconhecido,4,0,0,2,800,400,0,04/05/2024,1206,949,2155,1206,949,55.96287703
4315503,Restinga Sêca,Enxurradas,Registro,0,0,0,0,146,151,0,03/05/2024,297,15553,15850,297,15553,1.873817035
4315552,Rio dos Índios,Tempestade Local/Convectiva - Chuvas Intensas,Reconhecido,0,0,0,0,5,0,3611,07/05/2024,3616,0,3616,3616,0,100
4315602,Rio Grande,Tempestade Local/Convectiva - Chuvas Intensas,Reconhecido,0,0,0,0,0,0,0,09/05/2024,0,197253,197253,0,197253,0
4315701,Rio Pardo, Inundações,Reconhecido,0,0,0,0,3088,414,0,02/05/2024,3502,34100,37602,3502,34100,9.313334397
4315750,Riozinho,Tempestade Local/Convectiva - Chuvas Intensas,Reconhecido,0,0,0,0,13,0,4460,06/05/2024,4473,-146,4327,4473,0,100
4315800,Roca Sales,Tempestade Local/Convectiva - Chuvas Intensas,Reconhecido,3,14,0,14,3000,350,0,05/05/2024,3381,6906,10287,3381,6906,32.86672499
4315909,Rodeio Bonito,Tempestade Local/Convectiva - Chuvas Intensas,Reconhecido,0,0,0,0,0,0,6694,04/05/2024,6694,-951,5743,6694,0,100
4315958,Rolador,Tempestade Local/Convectiva - Chuvas Intensas,Reconhecido,0,0,0,0,8,0,2192,09/05/2024,2200,346,2546,2200,346,86.41005499
4316006,Rolante,Tempestade Local/Convectiva - Chuvas Intensas,Reconhecido,0,4,0,0,7000,200,14049,05/05/2024,21253,-1760,19493,21253,0,100
4316105,Ronda Alta,Tempestade Local/Convectiva - Chuvas Intensas,Reconhecido,0,0,0,0,0,0,10228,03/05/2024,10228,0,10228,10228,0,100
4316204,Rondinha,Tempestade Local/Convectiva - Chuvas Intensas,Reconhecido,0,0,0,0,0,0,5520,03/05/2024,5520,0,5520,5520,0,100
4316303,Roque Gonzales,Tempestade Local/Convectiva - Chuvas Intensas,Reconhecido,0,0,0,0,0,0,0,06/05/2024,0,7206,7206,0,7206,0
4316402,Rosário do Sul,Tempestade Local/Convectiva - Chuvas Intensas,Reconhecido,0,0,0,0,158,0,3860,06/05/2024,4018,35733,39751,4018,35733,10.10792181
4316428,Sagrada Família,Tempestade Local/Convectiva - Chuvas Intensas,Reconhecido,0,0,0,0,16,0,2579,03/05/2024,2595,0,2595,2595,0,100
4316436,Saldanha Marinho,Tempestade Local/Convectiva - Chuvas Intensas,Reconhecido,0,0,0,0,0,0,2575,29/05/2024,2575,294,2869,2575,294,89.75252701
4316451,Salto do Jacuí,Tempestade Local/Convectiva - Chuvas Intensas,Reconhecido,0,0,0,0,120,0,10168,03/05/2024,10288,1592,11880,10288,1592,86.5993266
4316477,Salvador das Missões,Tempestade Local/Convectiva - Chuvas Intensas,Reconhecido,0,0,0,0,0,0,2877,09/05/2024,2877,-208,2669,2877,0,100
4316501,Salvador do Sul,Tempestade Local/Convectiva - Chuvas Intensas,Reconhecido,2,0,0,0,60,30,0,06/05/2024,92,6655,6747,92,6655,1.363568994
4316600,Sananduva,Tempestade Local/Convectiva - Chuvas Intensas,Registro,0,0,0,0,0,0,0,21/05/2024,0,15373,15373,0,15373,0
4316709,Santa Bárbara do Sul,Tempestade Local/Convectiva - Chuvas Intensas,Reconhecido,0,0,0,0,0,0,8829,28/05/2024,8829,0,8829,8829,0,100
4316733,Santa Cecília do Sul,,,,,,,,,,,,,,,,
4316758,Santa Clara do Sul,Tempestade Local/Convectiva - Chuvas Intensas,Reconhecido,0,1,0,0,60,0,0,30/04/2024,61,5631,5692,61,5631,1.07167955
4316808,Santa Cruz do Sul,Alagamentos,Reconhecido,1,5,20,3,11603,272,6961,06/05/2024,18865,99422,118287,18865,99422,15.94849814
4316907,Santa Maria,Tempestade Local/Convectiva - Chuvas Intensas,Reconhecido,5,2,0,0,2000,120,269000,02/05/2024,271127,-10100,261027,271127,0,100
4316956,Santa Maria do Herval,Tempestade Local/Convectiva - Chuvas Intensas,Reconhecido,0,0,0,0,0,0,56,16/05/2024,56,5997,6053,56,5997,0.925161077
4316972,Santa Margarida do Sul,Santa Margarida do Sul,Tempestade Local/Convectiva - Chuvas Intensas,Reconhecido,0,0,0,0,0,0,2352,03/05/2024,2352,0,2352,2352,0
4317004,Santana da Boa Vista,Tempestade Local/Convectiva - Chuvas Intensas,Reconhecido,0,0,0,0,0,4,8240,03/05/2024,8244,-1104,7140,8244,0,100
4317103,Sant'Ana do Livramento,Sant'Ana do Livramento,Tempestade Local/Convectiva - Chuvas Intensas,Reconhecido,0,0,0,0,0,0,8703,23/05/2024,8703,73810,82513,8703,73810
4317202,Santa Rosa,Tempestade Local/Convectiva - Chuvas Intensas,Reconhecido,0,0,0,0,0,0,1300,06/05/2024,1300,67295,68595,1300,67295,1.895181865
4317251,Santa Tereza,Tempestade Local/Convectiva - Chuvas Intensas,Reconhecido,0,0,0,0,948,0,557,02/05/2024,1505,212,1717,1505,212,87.65288294
4317301,Santa Vitória do Palmar,Tempestade Local/Convectiva - Chuvas Intensas,Reconhecido,0,0,0,0,60,25,30917,10/05/2024,31002,0,31002,31002,0,100
4317400,Santiago,Tempestade Local/Convectiva - Chuvas Intensas,Reconhecido,0,0,0,0,12,6,49280,04/05/2024,49298,-216,49082,49298,0,100
4317509,Santo Ângelo,Tempestade Local/Convectiva - Chuvas Intensas,Reconhecido,0,0,0,0,0,0,76304,07/05/2024,76304,0,76304,76304,0,100
4317558,Santo Antônio do Palma,Tempestade Local/Convectiva - Chuvas Intensas,Reconhecido,0,0,0,0,6,0,2133,06/05/2024,2139,0,2139,2139,0,100
4317608,Santo Antônio da Patrulha,Tempestade Local/Convectiva - Chuvas Intensas,Reconhecido,0,0,0,0,0,0,9886,09/05/2024,9886,29793,39679,9886,29793,24.91494241
4317707,Santo Antônio das Missões,Tempestade Local/Convectiva - Vendaval,Registro,0,0,0,0,0,0,520,19/06/2024,520,10690,11210,520,10690,4.638715433
4317756,Santo Antônio do Planalto,,,,,,,,,,,,,,,,
4317806,Santo Augusto,Tempestade Local/Convectiva - Chuvas Intensas,Reconhecido,0,0,0,0,0,0,13970,03/05/2024,13970,0,13970,13970,0,100
4317905,Santo Cristo,Tempestade Local/Convectiva - Chuvas Intensas,Reconhecido,0,0,0,0,0,0,15320,06/05/2024,15320,-942,14378,15320,0,100
4317954,Santo Expedito do Sul,Tempestade Local/Convectiva - Chuvas Intensas,Reconhecido,0,0,0,0,0,0,2461,06/05/2024,2461,0,2461,2461,0,100
4318002,São Borja, Inundações,Reconhecido,0,0,0,0,500,200,1000,07/05/2024,1700,59962,61662,1700,59962,2.756965392
4318051,São Domingos do Sul,Tempestade Local/Convectiva - Chuvas Intensas,Reconhecido,0,0,0,0,0,0,2926,03/05/2024,2926,0,2926,2926,0,100
4318101,São Francisco de Assis,Tempestade Local/Convectiva - Chuvas Intensas,Reconhecido,0,0,0,0,40,0,3000,03/05/2024,3040,16218,19258,3040,16218,15.78564752
4318200,São Francisco de Paula,Tempestade Local/Convectiva - Chuvas Intensas,Reconhecido,0,0,0,0,40,4,20496,03/05/2024,20540,0,20540,20540,0,100
4318309,São Gabriel, Inundações,Reconhecido,0,0,0,0,1850,50,10000,30/04/2024,11900,48608,60508,11900,48608,19.66682092
4318408,São Jerônimo,Tempestade Local/Convectiva - Chuvas Intensas,Reconhecido,0,120,150,1,4080,975,16815,06/05/2024,22141,0,22141,22141,0,100
4318424,São João da Urtiga,Tempestade Local/Convectiva - Chuvas Intensas,Reconhecido,0,0,0,0,0,0,4726,05/05/2024,4726,0,4726,4726,0,100
4318432,São João do Polêsine,Tempestade Local/Convectiva - Chuvas Intensas,Reconhecido,1,1,1,0,100,21,2525,06/05/2024,2649,-14,2635,2649,0,100
4318440,São Jorge,Enxurradas,Registro,0,0,0,0,90,0,2684,03/05/2024,2774,0,2774,2774,0,100
4318457,São José das Missões,Tempestade Local/Convectiva - Chuvas Intensas,Reconhecido,0,0,0,0,8,0,2712,03/05/2024,2720,0,2720,2720,0,100
4318465,São José do Herval,Tempestade Local/Convectiva - Chuvas Intensas,Reconhecido,0,0,0,0,0,0,800,02/05/2024,800,1404,2204,800,1404,36.29764065
4318481,São José do Hortêncio,Enxurradas,Reconhecido,0,0,0,0,143,2,100,06/05/2024,245,3849,4094,245,3849,5.984367367
4318499,São José do Inhacorá,Tempestade Local/Convectiva - Chuvas Intensas,Reconhecido,0,0,0,0,20,0,2386,06/05/2024,2406,-206,2200,2406,0,100
4318507,São José do Norte, Inundações,Reconhecido,0,0,0,0,1000,273,0,10/05/2024,1273,24250,25523,1273,24250,4.987658191
4318606,São José do Ouro,,,,,,,,,,,,,,,,
4318614,São José do Sul,Enxurradas,Reconhecido,0,0,0,0,13,0,1632,02/05/2024,1645,437,2082,1645,437,79.01056676
4318622,São José dos Ausentes,Tempestade Local/Convectiva - Chuvas Intensas,Reconhecido,0,0,0,0,0,0,700,06/05/2024,700,2590,3290,700,2590,21.27659574
4318705,São Leopoldo,Tempestade Local/Convectiva - Chuvas Intensas,Reconhecido,1,0,0,0,165000,15000,36436,07/05/2024,216437,-2227,214210,216437,0,100
4318804,São Lourenço do Sul,Tempestade Local/Convectiva - Chuvas Intensas,Reconhecido,0,0,0,0,2000,152,40962,10/05/2024,43114,0,43114,43114,0,100
4318903,São Luiz Gonzaga,Tempestade Local/Convectiva - Chuvas Intensas,Reconhecido,0,0,0,0,0,0,34558,30/05/2024,34558,0,34558,34558,0,100
4319000,São Marcos,Tempestade Local/Convectiva - Chuvas Intensas,Reconhecido,0,0,0,0,15,0,350,03/05/2024,365,19740,20105,365,19740,1.815468789
4319109,São Martinho,Tempestade Local/Convectiva - Chuvas Intensas,Reconhecido,0,0,0,0,0,0,5773,08/05/2024,5773,0,5773,5773,0,100
4319125,São Martinho da Serra,Tempestade Local/Convectiva - Chuvas Intensas,Reconhecido,0,0,0,0,250,23,0,06/05/2024,273,2928,3201,273,2928,8.528584817
4319158,São Miguel das Missões,Tempestade Local/Convectiva - Chuvas Intensas,Reconhecido,0,0,0,0,0,0,7056,06/05/2024,7056,365,7421,7056,365,95.0815254
4319208,São Nicolau,Tempestade Local/Convectiva - Chuvas Intensas,Reconhecido,0,0,0,0,0,0,5727,10/05/2024,5727,0,5727,5727,0,100
4319307,São Paulo das Missões,Tempestade Local/Convectiva - Chuvas Intensas,Reconhecido,0,0,0,0,0,0,4,10/05/2024,4,6363,6367,4,6363,0.062823936
4319356,São Pedro da Serra,Tempestade Local/Convectiva - Chuvas Intensas,Reconhecido,0,1,0,0,40,38,0,04/05/2024,79,3238,3317,79,3238,2.381670184
4319364,São Pedro das Missões,Tempestade Local/Convectiva - Chuvas Intensas,Reconhecido,0,0,0,0,0,0,1757,03/05/2024,1757,129,1886,1757,129,93.16012725
4319372,São Pedro do Butiá,Tempestade Local/Convectiva - Chuvas Intensas,Não reconhecido,0,0,0,0,0,0,3070,06/05/2024,3070,-197,2873,3070,0,100
4319406,São Pedro do Sul,Tempestade Local/Convectiva - Chuvas Intensas,Reconhecido,0,0,2,0,120,4,500,06/05/2024,626,15745,16371,626,15745,3.82383483
4319505,São Sebastião do Caí,Tempestade Local/Convectiva - Chuvas Intensas,Reconhecido,0,0,0,0,5000,600,18828,05/05/2024,24428,-2484,21944,24428,0,100
4319604,São Sepé,Tempestade Local/Convectiva - Chuvas Intensas,Reconhecido,0,10,0,0,206,597,20000,02/05/2024,20813,2985,23798,20813,2985,87.45692915
4319703,São Valentim,Tempestade Local/Convectiva - Chuvas Intensas,Reconhecido,0,0,0,0,0,0,3264,03/05/2024,3264,368,3632,3264,368,89.86784141
4319711,São Valentim do Sul,Tempestade Local/Convectiva - Chuvas Intensas,Reconhecido,0,10,0,1,70,15,2207,05/05/2024,2303,-135,2168,2303,0,100
4319737,São Valério do Sul,Tempestade Local/Convectiva - Chuvas Intensas,Reconhecido,0,0,0,0,0,0,2543,07/05/2024,2543,104,2647,2543,104,96.0710238
4319752,São Vendelino,Tempestade Local/Convectiva - Chuvas Intensas,Reconhecido,2,5,0,0,43,65,0,03/05/2024,115,1829,1944,115,1829,5.91563786
4319802,São Vicente do Sul,Tempestade Local/Convectiva - Chuvas Intensas,Reconhecido,0,0,0,0,90,60,8290,06/05/2024,8440,0,8440,8440,0,100
4319901,Sapiranga,Tempestade Local/Convectiva - Chuvas Intensas,Reconhecido,0,0,0,0,273,55,2500,05/05/2024,2828,72192,75020,2828,72192,3.769661424
4320008,Sapucaia do Sul,Tempestade Local/Convectiva - Chuvas Intensas,Reconhecido,0,0,0,0,5000,550,56000,05/05/2024,61550,69438,130988,61550,69438,46.98903716
4320107,Sarandi,Tempestade Local/Convectiva - Chuvas Intensas,Reconhecido,0,0,0,0,845,35,20432,03/05/2024,21312,0,21312,21312,0,100
4320206,Seberi,Tempestade Local/Convectiva - Chuvas Intensas,Reconhecido,0,0,0,0,60,20,11870,03/05/2024,11950,-1048,10902,11950,0,100
4320230,Sede Nova,Tempestade Local/Convectiva - Chuvas Intensas,Reconhecido,0,0,0,0,0,0,0,06/05/2024,0,3011,3011,0,3011,0
4320263,Segredo,Tempestade Local/Convectiva - Chuvas Intensas,Reconhecido,0,0,0,0,0,0,6009,03/05/2024,6009,1149,7158,6009,1149,83.94803018
4320305,Selbach,Alagamentos,Reconhecido,0,0,0,0,0,0,0,06/05/2024,0,4929,4929,0,4929,0
4320321,Senador Salgado Filho,Tempestade Local/Convectiva - Chuvas Intensas,Reconhecido,0,0,0,0,0,0,2673,06/05/2024,2673,141,2814,2673,141,94.98933902
4320354,Sentinela do Sul,Tempestade Local/Convectiva - Chuvas Intensas,Reconhecido,0,0,0,0,0,4,687,04/05/2024,691,4506,5197,691,4506,13.29613238
4320404,Serafina Corrêa,Tempestade Local/Convectiva - Chuvas Intensas,Reconhecido,2,3,0,1,466,106,16383,02/05/2024,16961,-2718,14243,16961,0,100
4320453,Sério,Enxurradas,Reconhecido,0,0,0,0,41,0,2240,03/05/2024,2281,0,2281,2281,0,100
4320503,Sertão,Tempestade Local/Convectiva - Chuvas Intensas,Reconhecido,0,0,0,0,0,0,6294,06/05/2024,6294,0,6294,6294,0,100
4320552,Sertão Santana,Tempestade Local/Convectiva - Chuvas Intensas,Reconhecido,0,0,0,0,3,500,1800,07/05/2024,2303,3547,5850,2303,3547,39.36752137
4320578,Sete de Setembro,Tempestade Local/Convectiva - Chuvas Intensas,Reconhecido,0,0,0,0,0,0,1830,10/05/2024,1830,296,2126,1830,296,86.07714017
4320602,Severiano de Almeida,Tempestade Local/Convectiva - Chuvas Intensas,Reconhecido,0,0,0,0,180,0,3662,03/05/2024,3842,0,3842,3842,0,100
4320651,Silveira Martins,Tempestade Local/Convectiva - Chuvas Intensas,Reconhecido,1,0,0,0,200,24,2227,07/05/2024,2452,0,2452,2452,0,100
4320677,Sinimbu,Tempestade Local/Convectiva - Chuvas Intensas,Reconhecido,0,0,0,0,1200,800,6578,01/05/2024,8578,1489,10067,8578,1489,85.20909904
4320701,Sobradinho,Tempestade Local/Convectiva - Chuvas Intensas,Reconhecido,0,0,0,0,140,510,13576,06/05/2024,14226,59,14285,14226,59,99.58697935
4320800,Soledade,Tempestade Local/Convectiva - Chuvas Intensas,Reconhecido,0,0,0,0,25,15,30025,03/05/2024,30065,0,30065,30065,0,100
4320859,Tabaí,Tempestade Local/Convectiva - Chuvas Intensas,Reconhecido,0,0,0,0,0,0,50,01/05/2024,50,4081,4131,50,4081,1.210360687
4320909,Tapejara,,,,,,,,,,,,,,,,
4321006,Tapera,Tempestade Local/Convectiva - Chuvas Intensas,Reconhecido,0,0,0,0,10,26,0,06/05/2024,36,10416,10452,36,10416,0.344431688
4321105,Tapes,Tempestade Local/Convectiva - Chuvas Intensas,Reconhecido,0,0,0,0,608,72,2320,17/05/2024,3000,13649,16649,3000,13649,18.01910025
4321204,Taquara,Tempestade Local/Convectiva - Chuvas Intensas,Reconhecido,2,0,0,0,8800,439,6747,06/05/2024,15988,38668,54656,15988,38668,29.25204918
4321303,Taquari,Tempestade Local/Convectiva - Chuvas Intensas,Reconhecido,0,0,0,0,894,90,24214,01/05/2024,25198,937,26135,25198,937,96.41476947
4321329,Taquaruçu do Sul,Tempestade Local/Convectiva - Chuvas Intensas,Reconhecido,0,0,0,0,15,0,3104,03/05/2024,3119,-149,2970,3119,0,100
4321352,Tavares,Alagamentos,Reconhecido,0,0,0,0,0,0,1800,09/05/2024,1800,3551,5351,1800,3551,33.63857223
4321402,Tenente Portela,Tempestade Local/Convectiva - Chuvas Intensas,Reconhecido,0,0,0,0,12,0,13704,06/05/2024,13716,0,13716,13716,0,100
4321436,Terra de Areia,Tempestade Local/Convectiva - Chuvas Intensas,Reconhecido,0,0,0,0,40,0,100,21/05/2024,140,9738,9878,140,9738,1.41729095
4321451,Teutônia,Tempestade Local/Convectiva - Chuvas Intensas,Reconhecido,0,0,0,3,250,21,0,01/05/2024,274,26991,27265,274,26991,1.004951403
4321469,Tio Hugo,Tempestade Local/Convectiva - Chuvas Intensas,Reconhecido,0,0,0,0,0,0,3267,23/06/2024,3267,-543,2724,3267,0,100
4321477,Tiradentes do Sul,Tempestade Local/Convectiva - Chuvas Intensas,Reconhecido,0,0,0,0,0,0,6461,04/05/2024,6461,0,6461,6461,0,100
4321493,Toropi,Tempestade Local/Convectiva - Chuvas Intensas,Reconhecido,0,0,0,0,11,0,0,04/05/2024,11,2941,2952,11,2941,0.372628726
4321501,Torres,Tempestade Local/Convectiva - Chuvas Intensas,Reconhecido,0,4,0,0,6,0,60,02/05/2024,70,34576,34646,70,34576,0.202043526
4321600,Tramandaí,,,,,,,,,,,,,,,,
4321626,Travesseiro,Tempestade Local/Convectiva - Chuvas Intensas,Reconhecido,2,20,3,1,350,40,2152,03/05/2024,2568,-254,2314,2568,0,100
4321634,Três Arroios,Tempestade Local/Convectiva - Chuvas Intensas,Reconhecido,0,0,0,0,11,0,2580,06/05/2024,2591,264,2855,2591,264,90.7530648
4321667,Três Cachoeiras,Tempestade Local/Convectiva - Chuvas Intensas,Reconhecido,0,0,0,0,0,0,0,07/05/2024,0,10239,10239,0,10239,0
4321709,Três Coroas,Tempestade Local/Convectiva - Chuvas Intensas,Reconhecido,3,0,0,0,18200,1120,0,05/05/2024,19323,4532,23855,19323,4532,81.0018864
4321808,Três de Maio,Enxurradas,Não reconhecido,0,0,0,0,8,0,23718,07/05/2024,23726,0,23726,23726,0,100
4321832,Três Forquilhas,Tempestade Local/Convectiva - Chuvas Intensas,Reconhecido,0,0,0,0,384,0,508,05/05/2024,892,2020,2912,892,2020,30.63186813
4321857,Três Palmeiras,Tempestade Local/Convectiva - Chuvas Intensas,Reconhecido,0,0,0,0,0,0,4617,03/05/2024,4617,-236,4381,4617,0,100
4321907,Três Passos,Tempestade Local/Convectiva - Chuvas Intensas,Reconhecido,0,0,0,0,0,0,25436,04/05/2024,25436,-1463,23973,25436,0,100
4321956,Trindade do Sul,Tempestade Local/Convectiva - Chuvas Intensas,Reconhecido,0,0,0,0,24,0,5763,03/05/2024,5787,0,5787,5787,0,100
4322004,Triunfo,Tempestade Local/Convectiva - Chuvas Intensas,Reconhecido,0,0,0,0,8000,937,18561,07/05/2024,27498,-1687,25811,27498,0,100
4322103,Tucunduva,Tempestade Local/Convectiva - Chuvas Intensas,Reconhecido,0,0,0,0,0,0,5901,03/05/2024,5901,0,5901,5901,0,100
4322152,Tunas,Tempestade Local/Convectiva - Chuvas Intensas,Reconhecido,0,0,0,0,120,0,3561,06/05/2024,3681,714,4395,3681,714,83.75426621
4322186,Tupanci do Sul,,,,,,,,,,,,,,,,
4322202,Tupanciretã,Tempestade Local/Convectiva - Chuvas Intensas,Reconhecido,0,0,0,0,46,1,19958,04/05/2024,20005,2281,22286,20005,2281,89.76487481
4322251,Tupandi,Tempestade Local/Convectiva - Chuvas Intensas,Reconhecido,0,0,0,0,50,0,4979,02/05/2024,5029,-1110,3919,5029,0,100
4322301,Tuparendi,Tempestade Local/Convectiva - Chuvas Intensas,Reconhecido,0,0,0,0,0,0,8557,06/05/2024,8557,0,8557,8557,0,100
4322327,Turuçu,Tempestade Local/Convectiva - Chuvas Intensas,Reconhecido,0,0,0,0,0,0,1400,15/05/2024,1400,2122,3522,1400,2122,39.75014196
4322343,Ubiretama,Tempestade Local/Convectiva - Chuvas Intensas,Reconhecido,0,0,0,0,0,0,2296,06/05/2024,2296,0,2296,2296,0,100
4322350,União da Serra,Tempestade Local/Convectiva - Chuvas Intensas,Reconhecido,0,0,0,0,0,0,1080,04/05/2024,1080,407,1487,1080,407,72.62945528
4322376,Unistalda,,,,,,,,,,,,,,,,
4322400,Uruguaiana, Inundações,Reconhecido,0,0,0,0,1836,297,1200,07/05/2024,3333,122174,125507,3333,122174,2.65562877
4322509,Vacaria,Tempestade Local/Convectiva - Chuvas Intensas,Reconhecido,0,0,0,0,0,0,64817,07/05/2024,64817,-3472,61345,64817,0,100
4322525,Vale Verde,Tempestade Local/Convectiva - Chuvas Intensas,Reconhecido,0,0,0,0,73,0,1613,28/05/2024,1686,1567,3253,1686,1567,51.82908085
4322533,Vale do Sol,Tempestade Local/Convectiva - Chuvas Intensas,Reconhecido,1,0,0,0,300,16,2000,03/05/2024,2317,8760,11077,2317,8760,20.91721585
4322541,Vale Real,Tempestade Local/Convectiva - Chuvas Intensas,Reconhecido,0,10,0,0,1200,300,4548,04/05/2024,6058,-937,5121,6058,0,100
4322558,Vanini,,,,,,,,,,,,,,,,
4322608,Venâncio Aires,Tempestade Local/Convectiva - Chuvas Intensas,Reconhecido,2,19,0,0,23235,391,0,04/05/2024,23647,42317,65964,23647,42317,35.84834152
4322707,Vera Cruz,Tempestade Local/Convectiva - Chuvas Intensas,Reconhecido,0,200,0,0,2000,150,24320,01/05/2024,26670,-2684,23986,26670,0,100
4322806,Veranópolis,Tempestade Local/Convectiva - Chuvas Intensas,Reconhecido,5,21,0,1,348,146,22815,06/05/2024,23336,-521,22815,23336,0,100
4322855,Vespasiano Corrêa,Tempestade Local/Convectiva - Chuvas Intensas,Reconhecido,0,12,0,0,126,0,1680,03/05/2024,1818,156,1974,1818,156,92.09726444
4322905,Viadutos,Tempestade Local/Convectiva - Chuvas Intensas,Reconhecido,0,0,0,0,15,0,4754,06/05/2024,4769,542,5311,4769,542,89.79476558
4323002,Viamão,Tempestade Local/Convectiva - Chuvas Intensas,Reconhecido,0,0,0,0,378,11,0,10/05/2024,389,238845,239234,389,238845,0.162602306
4323101,Vicente Dutra,Tempestade Local/Convectiva - Chuvas Intensas,Reconhecido,0,0,0,0,36,0,5249,03/05/2024,5285,0,5285,5285,0,100
4323200,Victor Graeff,Tempestade Local/Convectiva - Chuvas Intensas,Reconhecido,0,0,0,0,3,0,3033,08/05/2024,3036,0,3036,3036,0,100
4323309,Vila Flores,Enxurradas,Reconhecido,0,0,0,0,0,0,200,04/05/2024,200,3007,3207,200,3007,6.236357967
4323358,Vila Lângaro,,,,,,,,,,,,,,,,
4323408,Vila Maria,Tempestade Local/Convectiva - Chuvas Intensas,Reconhecido,0,0,0,0,25,60,0,04/05/2024,85,4136,4221,85,4136,2.01374082
4323457,Vila Nova do Sul,Tempestade Local/Convectiva - Chuvas Intensas,Reconhecido,0,0,0,0,7,0,250,06/05/2024,257,3964,4221,257,3964,6.088604596
4323507,Vista Alegre,Tempestade Local/Convectiva - Chuvas Intensas,Reconhecido,0,0,0,0,0,0,2832,05/05/2024,2832,0,2832,2832,0,100
4323606,Vista Alegre do Prata,Tempestade Local/Convectiva - Chuvas Intensas,Reconhecido,0,2,0,0,17,5,0,03/05/2024,24,1545,1569,24,1545,1.529636711
4323705,Vista Gaúcha,Tempestade Local/Convectiva - Chuvas Intensas,Reconhecido,0,0,0,0,56,0,2727,06/05/2024,2783,-24,2759,2783,0,100
4323754,Vitória das Missões,Tempestade Local/Convectiva - Chuvas Intensas,Reconhecido,0,0,0,0,0,0,3485,07/05/2024,3485,0,3485,3485,0,100
4323770,Westfália,Tempestade Local/Convectiva - Chuvas Intensas,Reconhecido,0,0,0,0,87,0,2706,06/05/2024,2793,0,2793,2793,0,100
4323804,Xangri-lá,,,,,,,,,,,,,,,,
