Município,Evento,Status,População,Mortos,Feridos,Enfermos,Desabrigados,Desalojados,Desaparecidos,Outros Afetados,Registro
Áurea,Tempestade Local/Convectiva - Chuvas Intensas,Reconhecido,3665,0,0,0,0,0,0,3665,05/05/2024
Aceguá,Tempestade Local/Convectiva - Chuvas Intensas,Reconhecido,4394,0,0,0,0,1,0,30,02/05/2024
Agudo,Tempestade Local/Convectiva - Chuvas Intensas,Reconhecido,16729,0,1,9,100,27,0,15904,04/05/2024
Agudo,Tempestade Local/Convectiva - Vendaval,Reconhecido,16729,0,0,0,0,0,0,16041,18/01/2024
Ajuricaba,Tempestade Local/Convectiva - Chuvas Intensas,Reconhecido,7255,0,0,0,0,0,0,6720,08/05/2024
Alecrim,Tempestade Local/Convectiva - Chuvas Intensas,Reconhecido,7045,0,0,0,0,10,0,500,07/05/2024
Alegrete,Tempestade Local/Convectiva - Chuvas Intensas,Reconhecido,77673,0,0,0,214,296,0,690,04/05/2024
Alegrete, Inundações,Registro,77673,0,0,0,0,6,0,0,18/04/2024
Alegria,Tempestade Local/Convectiva - Chuvas Intensas,Reconhecido,4301,0,0,0,0,0,0,4301,06/05/2024
Alpestre,Tempestade Local/Convectiva - Chuvas Intensas,Reconhecido,8027,0,0,0,0,0,0,7117,06/05/2024
Alto Alegre,Tempestade Local/Convectiva - Chuvas Intensas,Reconhecido,1848,0,0,0,0,20,0,1828,03/05/2024
Alto Feliz,Enxurradas,Reconhecido,2908,0,0,0,20,0,0,3052,06/05/2024
Alvorada, Inundações,Reconhecido,195718,0,5,2000,212,9802,0,183699,03/05/2024
Amaral Ferrador,Tempestade Local/Convectiva - Chuvas Intensas,Reconhecido,6355,0,0,0,0,12,0,6343,01/10/2024
Amaral Ferrador,Tempestade Local/Convectiva - Chuvas Intensas,Reconhecido,6355,0,0,0,0,4,0,6351,06/05/2024
Ametista do Sul,Tempestade Local/Convectiva - Chuvas Intensas,Reconhecido,7323,0,0,0,0,4,0,7319,03/05/2024
Ametista do Sul,Tempestade Local/Convectiva - Chuvas Intensas,Reconhecido,7323,0,0,0,0,0,0,2000,26/03/2024
André da Rocha,Tempestade Local/Convectiva - Chuvas Intensas,Reconhecido,1216,0,0,0,0,6,0,0,04/05/2024
Anta Gorda,Tempestade Local/Convectiva - Chuvas Intensas,Reconhecido,6073,0,0,0,30,50,0,6200,03/05/2024
Anta Gorda,Enxurradas,Não reconhecido,6073,0,0,0,30,50,0,6000,02/05/2024
Antônio Prado,Tempestade Local/Convectiva - Vendaval,Registro,12837,0,0,0,0,0,0,0,02/12/2024
Antônio Prado,Tempestade Local/Convectiva - Vendaval,Registro,12837,0,0,0,0,0,0,0,24/10/2024
Antônio Prado,Tempestade Local/Convectiva - Chuvas Intensas,Reconhecido,12837,0,3,0,36,40,0,12758,06/05/2024
Arambaré,Tempestade Local/Convectiva - Vendaval,Reconhecido,3693,0,0,0,0,0,0,850,04/12/2024
Arambaré,Tempestade Local/Convectiva - Chuvas Intensas,Reconhecido,3693,0,0,0,8,150,0,0,26/09/2024
Arambaré,Tempestade Local/Convectiva - Chuvas Intensas,Reconhecido,3693,0,0,0,80,480,0,0,08/05/2024
Arambaré,Tempestade Local/Convectiva - Vendaval,Reconhecido,3693,0,0,0,0,50,0,0,26/03/2024
Araricí,Tempestade Local/Convectiva - Chuvas Intensas,Reconhecido,4868,0,0,0,9,72,0,4800,02/05/2024
Aratiba,Tempestade Local/Convectiva - Chuvas Intensas,Reconhecido,6568,0,0,0,0,10,0,140,05/05/2024
Arroio do Meio,Tempestade Local/Convectiva - Chuvas Intensas,Reconhecido,18783,2,0,0,1000,12000,0,21996,04/05/2024
Arroio do Meio,Tempestade Local/Convectiva - Chuvas Intensas,Reconhecido,18783,2,0,0,1000,12000,0,21966,01/05/2024
Arroio do Meio,Tempestade Local/Convectiva - Vendaval,Reconhecido,18783,0,0,0,0,0,0,10000,23/01/2024
Arroio do Padre,Tempestade Local/Convectiva - Chuvas Intensas,Reconhecido,2730,0,0,0,0,0,0,2000,17/05/2024
Arroio do Tigre,Tempestade Local/Convectiva - Vendaval,Reconhecido,12648,0,40,0,0,0,0,13373,02/12/2024
Arroio do Tigre,Tempestade Local/Convectiva - Granizo,Reconhecido,12648,0,0,0,0,110,0,2428,27/06/2024
Arroio do Tigre,Tempestade Local/Convectiva - Chuvas Intensas,Reconhecido,12648,0,0,0,32,770,0,11256,06/05/2024
Arroio dos Ratos,Tempestade Local/Convectiva - Chuvas Intensas,Reconhecido,13608,0,10,0,60,1800,0,0,15/05/2024
Arroio Grande,Ciclones - Ventos Costeiros (Mobilidade de Dunas),Registro,18469,0,0,0,0,10,0,30,18/12/2024
Arroio Grande,Tempestade Local/Convectiva - Chuvas Intensas,Não reconhecido,18469,0,0,0,75,24,0,4100,24/06/2024
Arroio Grande,Tempestade Local/Convectiva - Chuvas Intensas,Reconhecido,18469,0,0,0,4,8,0,800,03/05/2024
Arroio Grande,Tempestade Local/Convectiva - Vendaval,Reconhecido,18469,0,0,0,3,3,0,617,21/03/2024
Arvorezinha,Tempestade Local/Convectiva - Chuvas Intensas,Reconhecido,10229,0,1,0,200,1000,1,3511,02/05/2024
Augusto Pestana,Tempestade Local/Convectiva - Chuvas Intensas,Reconhecido,7097,0,0,0,0,0,0,7149,06/05/2024
Bagé,Tempestade Local/Convectiva - Chuvas Intensas,Reconhecido,116792,0,0,0,0,0,0,116792,14/05/2024
Balneírio Pinhal,Tempestade Local/Convectiva - Chuvas Intensas,Reconhecido,10855,0,0,0,6,4036,0,0,03/05/2024
Barão,Tempestade Local/Convectiva - Chuvas Intensas,Reconhecido,5742,0,0,0,0,81,0,0,06/05/2024
Barão de Cotegipe,Tempestade Local/Convectiva - Chuvas Intensas,Reconhecido,6529,0,0,0,0,45,0,7099,06/05/2024
Barão do Triunfo,Enxurradas,Reconhecido,7018,0,0,0,0,0,0,5889,08/05/2024
Barra do Guarita,Tempestade Local/Convectiva - Chuvas Intensas,Reconhecido,3089,0,0,0,40,52,0,2997,04/05/2024
Barra do Ribeiro,Tempestade Local/Convectiva - Chuvas Intensas,Reconhecido,12568,0,0,0,416,780,0,8200,06/05/2024
Barra do Rio Azul,Tempestade Local/Convectiva - Chuvas Intensas,Registro,2003,0,0,0,0,40,0,1696,17/12/2024
Barra do Rio Azul,Tempestade Local/Convectiva - Chuvas Intensas,Reconhecido,2003,0,0,0,420,0,0,1276,03/05/2024
Barra Funda,Tempestade Local/Convectiva - Chuvas Intensas,Reconhecido,2367,0,0,0,0,24,0,2526,03/05/2024
Barracão,Tempestade Local/Convectiva - Chuvas Intensas,Registro,5355,0,0,0,0,0,0,0,22/01/2024
Barros Cassal,Tempestade Local/Convectiva - Chuvas Intensas,Reconhecido,11133,0,0,0,0,0,0,5047,25/06/2024
Barros Cassal,Enxurradas,Registro,11133,0,0,0,0,0,0,0,02/05/2024
Barros Cassal,Tempestade Local/Convectiva - Chuvas Intensas,Reconhecido,11133,0,0,0,0,0,1,5047,05/05/2024
Benjamin Constant do Sul,Tempestade Local/Convectiva - Chuvas Intensas,Reconhecido,2307,0,0,0,0,0,0,0,03/05/2024
Bento Gonçalves,Tempestade Local/Convectiva - Granizo,Registro,107341,0,0,0,0,0,0,65,24/06/2024
Bento Gonçalves,Tempestade Local/Convectiva - Chuvas Intensas,Registro,107341,0,0,0,0,0,0,0,24/06/2024
Bento Gonçalves,Tempestade Local/Convectiva - Chuvas Intensas,Reconhecido,107341,4,64,0,104,600,8,0,03/05/2024
Bento Gonçalves,Tempestade Local/Convectiva - Vendaval,Registro,107341,0,0,0,0,0,0,0,23/01/2024
Boa Vista das Missões,Tempestade Local/Convectiva - Chuvas Intensas,Reconhecido,2114,0,0,0,0,0,0,2114,03/05/2024
Boa Vista do Buricí,Tempestade Local/Convectiva - Vendaval,Não reconhecido,6576,0,0,0,0,6,0,6570,02/01/2024
Boa Vista do Cadeado,Tempestade Local/Convectiva - Chuvas Intensas,Reconhecido,2441,0,0,0,0,0,0,2226,11/05/2024
Boa Vista do Incra,Tempestade Local/Convectiva - Chuvas Intensas,Reconhecido,2425,0,0,0,0,0,0,486,07/05/2024
Boa Vista do Sul,Tempestade Local/Convectiva - Chuvas Intensas,Reconhecido,2778,2,0,0,0,5,0,2772,03/05/2024
Bom Jesus,Tempestade Local/Convectiva - Chuvas Intensas,Reconhecido,11556,0,0,0,20,25,0,3000,10/05/2024
Bom Jesus,Tempestade Local/Convectiva - Vendaval,Reconhecido,11556,0,0,0,0,0,0,11309,07/05/2024
Bom Princípio,Tempestade Local/Convectiva - Chuvas Intensas,Reconhecido,11792,1,0,0,171,468,0,63,03/05/2024
Bom Progresso,Tempestade Local/Convectiva - Chuvas Intensas,Reconhecido,2328,0,0,0,0,0,0,2328,09/05/2024
Bom Retiro do Sul,Tempestade Local/Convectiva - Chuvas Intensas,Reconhecido,11472,0,0,0,55,1400,0,2500,04/05/2024
Boqueirão do Leão,Tempestade Local/Convectiva - Chuvas Intensas,Reconhecido,7673,0,0,0,0,114,0,0,02/05/2024
Boqueirão do Leão,Tempestade Local/Convectiva - Chuvas Intensas,Reconhecido,7673,0,0,0,0,32,0,2339,20/02/2024
Bossoroca,Tempestade Local/Convectiva - Chuvas Intensas,Reconhecido,6887,0,0,0,0,0,0,6887,17/05/2024
Bozano,Tempestade Local/Convectiva - Chuvas Intensas,Reconhecido,2200,0,0,0,0,0,0,2200,10/05/2024
Braga,Tempestade Local/Convectiva - Chuvas Intensas,Reconhecido,3702,0,0,0,0,120,0,3148,07/05/2024
Brochier,Tempestade Local/Convectiva - Vendaval,Registro,4677,0,0,0,0,0,0,0,24/10/2024
Brochier,Tempestade Local/Convectiva - Chuvas Intensas,Reconhecido,4677,0,0,0,3,100,0,4863,06/05/2024
Brochier, Inundações,Registro,4677,0,0,0,0,5,0,0,30/04/2024
Brochier,Tempestade Local/Convectiva - Vendaval,Registro,4677,0,0,0,0,0,0,0,22/03/2024
Butiá,Tempestade Local/Convectiva - Chuvas Intensas,Reconhecido,20405,0,0,0,50,50,0,1000,02/05/2024
Butiá,Tempestade Local/Convectiva - Chuvas Intensas,Não reconhecido,20405,0,0,0,0,0,0,1000,30/04/2024
Cândido Godói,Tempestade Local/Convectiva - Vendaval,Registro,6535,0,0,0,0,0,0,0,26/09/2024
Cândido Godói,Tempestade Local/Convectiva - Chuvas Intensas,Reconhecido,6535,0,0,0,0,0,0,6294,06/05/2024
Caçapava do Sul,Tempestade Local/Convectiva - Chuvas Intensas,Reconhecido,33700,0,0,0,0,0,0,0,02/05/2024
Cacequi,Tempestade Local/Convectiva - Chuvas Intensas,Reconhecido,13685,0,0,0,16,107,0,11034,07/05/2024
Cacequi,Tempestade Local/Convectiva - Chuvas Intensas,Reconhecido,13685,0,0,0,0,0,0,2404,18/04/2024
Cachoeira do Sul,Tempestade Local/Convectiva - Chuvas Intensas,Reconhecido,83827,0,0,0,50,76,2,83701,28/06/2024
Cachoeira do Sul,Tempestade Local/Convectiva - Chuvas Intensas,Reconhecido,83827,0,15,7,372,2446,0,80987,06/05/2024
Cachoeirinha,Tempestade Local/Convectiva - Chuvas Intensas,Reconhecido,118294,0,0,0,1853,3016,0,131389,07/05/2024
Cachoeirinha,Tempestade Local/Convectiva - Vendaval,Reconhecido,118294,1,80,0,160,300,0,135459,21/01/2024
Cacique Doble,Tempestade Local/Convectiva - Chuvas Intensas,Reconhecido,4865,0,0,0,10,10,0,4583,06/05/2024
Cacique Doble,Tempestade Local/Convectiva - Vendaval,Registro,4865,0,0,0,0,0,0,0,04/01/2024
Caiçara,Tempestade Local/Convectiva - Chuvas Intensas,Reconhecido,5071,0,0,0,0,0,0,5071,03/05/2024
Caibaté,Tempestade Local/Convectiva - Chuvas Intensas,Reconhecido,4954,0,0,0,0,0,0,4704,28/05/2024
Camaquã,Tempestade Local/Convectiva - Chuvas Intensas,Reconhecido,62759,0,0,0,0,60,0,62699,25/09/2024
Camaquã,Tempestade Local/Convectiva - Chuvas Intensas,Reconhecido,62759,0,0,0,0,0,0,1000,06/05/2024
Camaquã,Alagamentos,Registro,62759,0,0,0,0,0,0,109,04/03/2024
Camargo,Tempestade Local/Convectiva - Vendaval,Registro,2591,0,0,0,0,0,0,0,30/12/2024
Camargo,Tempestade Local/Convectiva - Chuvas Intensas,Reconhecido,2591,0,0,0,0,0,0,2981,05/05/2024
Cambará do Sul,Tempestade Local/Convectiva - Vendaval,Reconhecido,6545,0,0,0,0,4,0,299,13/05/2024
Campestre da Serra,Enxurradas,Reconhecido,3247,0,0,0,0,0,0,350,05/05/2024
Campina das Missões,Tempestade Local/Convectiva - Chuvas Intensas,Não reconhecido,6117,0,0,0,0,0,0,5882,06/05/2024
Campinas do Sul,Tempestade Local/Convectiva - Chuvas Intensas,Reconhecido,5509,0,0,0,0,3,0,5281,04/05/2024
Campo Bom,Tempestade Local/Convectiva - Chuvas Intensas,Reconhecido,60081,0,0,0,280,3200,0,6120,07/05/2024
Campo Novo,Tempestade Local/Convectiva - Chuvas Intensas,Reconhecido,5459,0,0,0,0,0,0,1200,05/06/2024
Campos Borges,Tempestade Local/Convectiva - Chuvas Intensas,Reconhecido,3494,0,0,0,0,30,0,0,02/05/2024
Campos Borges,Tempestade Local/Convectiva - Vendaval,Registro,3494,0,0,0,0,0,0,0,21/03/2024
Candelária,Tempestade Local/Convectiva - Chuvas Intensas,Reconhecido,30176,1,7,25,500,800,120,23000,02/05/2024
Candelária,Tempestade Local/Convectiva - Vendaval,Registro,30176,0,0,0,0,0,0,0,22/01/2024
Candiota,Tempestade Local/Convectiva - Vendaval,Reconhecido,8776,0,0,0,0,0,0,480,10/12/2024
Candiota,Tempestade Local/Convectiva - Chuvas Intensas,Registro,8776,0,0,0,0,0,0,160,01/10/2024
Candiota,Tempestade Local/Convectiva - Chuvas Intensas,Reconhecido,8776,0,0,0,0,0,0,10710,07/05/2024
Candiota,Tempestade Local/Convectiva - Vendaval,Reconhecido,8776,0,0,0,0,0,0,160,17/01/2024
Canela,Tempestade Local/Convectiva - Chuvas Intensas,Reconhecido,39238,2,7,5,235,402,0,45000,07/05/2024
Canela,Deslizamentos,Reconhecido,39238,2,7,5,235,402,0,45000,03/05/2024
Canela,Tempestade Local/Convectiva - Vendaval,Reconhecido,39238,0,0,0,11,0,0,39227,23/01/2024
Canguçu,Tempestade Local/Convectiva - Chuvas Intensas,Reconhecido,53268,0,0,0,0,4,0,21284,27/09/2024
Canguçu,Tempestade Local/Convectiva - Granizo,Registro,53268,0,0,0,0,0,0,0,23/09/2024
Canguçu,Tempestade Local/Convectiva - Chuvas Intensas,Reconhecido,53268,0,0,0,0,0,0,21284,06/05/2024
Canguçu,Tempestade Local/Convectiva - Vendaval,Reconhecido,53268,0,0,0,0,0,0,49680,21/03/2024
Canguçu,Enxurradas,Registro,53268,0,0,0,0,0,0,0,01/03/2024
Canoas,Tempestade Local/Convectiva - Chuvas Intensas,Não reconhecido,324025,0,0,0,3341,0,0,8180,01/11/2024
Canoas,Tempestade Local/Convectiva - Chuvas Intensas,Registro,324025,0,0,0,0,0,0,0,08/05/2024
Canoas,Tempestade Local/Convectiva - Chuvas Intensas,Reconhecido,324025,2,372,0,22000,157512,114,0,08/05/2024
Canoas,Tempestade Local/Convectiva - Vendaval,Reconhecido,324025,0,0,0,16,6036,0,6052,19/01/2024
Canudos do Vale,Tempestade Local/Convectiva - Chuvas Intensas,Reconhecido,1807,0,0,0,0,34,0,1622,05/05/2024
Capão Bonito do Sul,Tempestade Local/Convectiva - Chuvas Intensas,Reconhecido,1753,0,0,0,0,0,0,1753,06/05/2024
Capão do Cipó,Tempestade Local/Convectiva - Chuvas Intensas,Reconhecido,3107,0,0,0,0,0,0,3699,17/05/2024
Capão do Cipó,Tempestade Local/Convectiva - Chuvas Intensas,Reconhecido,3107,0,0,0,0,0,0,3699,16/04/2024
Capão do Leão,Tempestade Local/Convectiva - Chuvas Intensas,Reconhecido,24294,0,0,0,0,0,0,7500,10/05/2024
Capão do Leão,Tempestade Local/Convectiva - Vendaval,Registro,24294,0,0,0,0,0,0,24000,28/03/2024
Capela de Santana,Alagamentos,Reconhecido,11613,0,0,0,50,100,0,0,03/05/2024
Capitão,Tempestade Local/Convectiva - Chuvas Intensas,Reconhecido,2636,2,15,0,32,106,0,2789,06/05/2024
Capivari do Sul,Tempestade Local/Convectiva - Chuvas Intensas,Reconhecido,3890,0,0,0,0,7,0,0,07/05/2024
Caraá,Tempestade Local/Convectiva - Chuvas Intensas,Reconhecido,7313,0,0,0,0,22,0,7291,08/05/2024
Caraá,Tempestade Local/Convectiva - Chuvas Intensas,Registro,7313,0,0,0,0,22,0,7291,06/05/2024
Carazinho,Tempestade Local/Convectiva - Granizo,Registro,59301,0,0,0,0,0,0,4200,08/10/2024
Carlos Barbosa,Enxurradas,Registro,25193,0,3,0,60,0,0,0,29/04/2024
Carlos Barbosa,Tempestade Local/Convectiva - Chuvas Intensas,Reconhecido,25193,0,0,0,73,0,0,0,03/05/2024
Carlos Gomes,Tempestade Local/Convectiva - Chuvas Intensas,Reconhecido,1607,0,0,0,0,0,0,1355,06/05/2024
Casca,Tempestade Local/Convectiva - Chuvas Intensas,Reconhecido,8648,0,0,0,0,0,0,3500,07/05/2024
Catuípe,Tempestade Local/Convectiva - Chuvas Intensas,Reconhecido,9323,0,0,0,0,0,0,9323,07/05/2024
Caxias do Sul,Tempestade Local/Convectiva - Chuvas Intensas,Reconhecido,435482,5,0,0,44,760,6,434667,06/05/2024
Centenário,Tempestade Local/Convectiva - Chuvas Intensas,Reconhecido,2967,0,0,0,0,0,0,2967,06/05/2024
Centenário,Tempestade Local/Convectiva - Chuvas Intensas,Registro,2967,0,0,0,0,0,0,2967,22/01/2024
Cerrito,Tempestade Local/Convectiva - Chuvas Intensas,Reconhecido,6404,0,0,0,0,0,0,2000,07/05/2024
Cerrito,Tempestade Local/Convectiva - Vendaval,Reconhecido,6404,0,1,0,0,600,0,0,21/03/2024
Cerro Branco,Tempestade Local/Convectiva - Chuvas Intensas,Reconhecido,4454,0,0,0,100,200,0,3500,03/05/2024
Cerro Branco,Tempestade Local/Convectiva - Chuvas Intensas,Registro,4454,0,0,0,0,0,0,0,09/04/2024
Cerro Branco,Tempestade Local/Convectiva - Vendaval,Registro,4454,0,0,0,0,0,0,3802,19/01/2024
Cerro Grande,Tempestade Local/Convectiva - Chuvas Intensas,Reconhecido,2417,0,0,0,0,0,0,2417,03/05/2024
Cerro Grande,Tempestade Local/Convectiva - Chuvas Intensas,Reconhecido,2417,0,0,0,0,0,0,150,21/03/2024
Cerro Grande do Sul,Enxurradas,Reconhecido,10280,0,0,0,103,150,0,1000,09/05/2024
Cerro Grande do Sul,Alagamentos,Registro,10280,0,0,0,0,25,0,1000,03/05/2024
Cerro Largo,Tempestade Local/Convectiva - Chuvas Intensas,Reconhecido,13289,0,0,0,0,0,0,13705,08/05/2024
Cerro Largo,Tempestade Local/Convectiva - Vendaval,Reconhecido,13289,0,0,0,0,0,0,300,03/01/2024
Chapada,Tempestade Local/Convectiva - Chuvas Intensas,Reconhecido,9377,0,0,0,0,3,0,9475,05/05/2024
Charqueadas,Tempestade Local/Convectiva - Chuvas Intensas,Reconhecido,35363,0,0,0,615,6300,0,0,03/05/2024
Charrua,Tempestade Local/Convectiva - Chuvas Intensas,Reconhecido,3471,0,0,0,0,0,0,2768,20/01/2024
Charrua,Tempestade Local/Convectiva - Vendaval,Registro,3471,0,0,0,0,0,0,200,11/01/2024
Chiapetta,Tempestade Local/Convectiva - Chuvas Intensas,Reconhecido,4044,0,0,0,0,0,0,4044,04/05/2024
Chuí,Tempestade Local/Convectiva - Chuvas Intensas,Reconhecido,5919,0,0,0,0,34,0,6228,27/05/2024
Chuvisca,Tempestade Local/Convectiva - Vendaval,Reconhecido,4944,0,3,0,0,60,0,437,09/12/2024
Chuvisca,Tempestade Local/Convectiva - Chuvas Intensas,Reconhecido,4944,0,0,0,0,0,0,4944,15/05/2024
Cidreira,Alagamentos,Não reconhecido,12654,0,0,0,0,3200,0,0,07/05/2024
Ciríaco,Tempestade Local/Convectiva - Vendaval,Registro,4922,0,0,0,0,0,0,0,03/12/2024
Ciríaco,Tempestade Local/Convectiva - Vendaval,Registro,4922,0,0,0,0,0,0,100,25/10/2024
Ciríaco,13211 - Tempestade Local/Convectiva - Tornados,Registro,4922,0,0,0,0,1,0,100,14/05/2024
Ciríaco,Tempestade Local/Convectiva - Chuvas Intensas,Reconhecido,4922,0,0,0,0,0,0,4149,03/05/2024
Colinas,Tempestade Local/Convectiva - Chuvas Intensas,Reconhecido,2420,0,80,200,200,1150,0,1030,03/05/2024
Colinas,Tempestade Local/Convectiva - Vendaval,Reconhecido,2420,0,0,0,0,0,0,2420,18/01/2024
Colinas,Tempestade Local/Convectiva - Vendaval,Registro,2420,0,0,0,0,0,0,2420,18/01/2024
Colorado,Tempestade Local/Convectiva - Chuvas Intensas,Reconhecido,3550,0,0,0,0,2,0,3548,06/05/2024
Colorado,Alagamentos,Registro,3550,0,0,0,0,2,0,0,06/05/2024
Condor,Tempestade Local/Convectiva - Chuvas Intensas,Reconhecido,6552,0,0,0,0,40,0,6460,07/05/2024
Constantina,Tempestade Local/Convectiva - Chuvas Intensas,Reconhecido,9741,0,0,0,72,45,0,9624,04/05/2024
Coqueiro Baixo,Tempestade Local/Convectiva - Chuvas Intensas,Reconhecido,1528,0,0,0,1,10,0,1279,07/05/2024
Coronel Barros,Tempestade Local/Convectiva - Chuvas Intensas,Reconhecido,2459,0,0,0,0,10,0,2812,29/05/2024
Coronel Bicaco,Tempestade Local/Convectiva - Chuvas Intensas,Reconhecido,7748,0,0,0,0,8,0,7740,03/05/2024
Coronel Pilar,Tempestade Local/Convectiva - Chuvas Intensas,Reconhecido,1725,0,0,0,70,20,0,1300,04/05/2024
Coronel Pilar,Deslizamentos,Registro,1725,0,0,0,0,10,0,0,30/04/2024
Cotiporã,Tempestade Local/Convectiva - Chuvas Intensas,Reconhecido,3917,1,0,0,70,160,0,3686,12/05/2024
Coxilha,Tempestade Local/Convectiva - Granizo,Registro,2826,0,0,0,0,0,0,150,06/11/2024
Coxilha,Tempestade Local/Convectiva - Chuvas Intensas,Registro,2826,0,0,0,0,0,0,200,16/05/2024
Crissiumal,Tempestade Local/Convectiva - Chuvas Intensas,Reconhecido,14085,0,0,0,0,0,0,14085,07/05/2024
Cristal,Tempestade Local/Convectiva - Chuvas Intensas,Reconhecido,7280,0,0,0,0,0,0,1200,24/09/2024
Cristal,Tempestade Local/Convectiva - Chuvas Intensas,Reconhecido,7280,0,0,0,0,144,0,0,30/04/2024
Cristal do Sul,Tempestade Local/Convectiva - Chuvas Intensas,Reconhecido,2826,0,0,0,8,4,0,2814,04/05/2024
Cruz Alta,Tempestade Local/Convectiva - Chuvas Intensas,Registro,62825,0,0,0,0,0,0,200,21/06/2024
Cruz Alta,Tempestade Local/Convectiva - Chuvas Intensas,Reconhecido,62825,0,0,0,0,0,0,58913,02/05/2024
Cruz Alta,Tempestade Local/Convectiva - Vendaval,Registro,62825,0,0,0,0,0,0,6,04/04/2024
Cruz Alta,Tempestade Local/Convectiva - Vendaval,Registro,62825,0,0,0,0,0,0,112,21/03/2024
Cruzaltense,Tempestade Local/Convectiva - Chuvas Intensas,Reconhecido,2141,0,0,0,0,0,0,1635,02/05/2024
Cruzeiro do Sul,Tempestade Local/Convectiva - Chuvas Intensas,Reconhecido,12331,3,0,0,800,2987,0,12331,01/05/2024
Cruzeiro do Sul,Tempestade Local/Convectiva - Vendaval,Reconhecido,12331,0,0,0,0,12,0,12319,18/01/2024
David Canabarro,Tempestade Local/Convectiva - Chuvas Intensas,Não reconhecido,4683,0,0,0,0,0,0,4863,07/05/2024
David Canabarro,Tempestade Local/Convectiva - Chuvas Intensas,Reconhecido,4683,0,0,0,0,0,0,1728,20/04/2024
Derrubadas,Tempestade Local/Convectiva - Chuvas Intensas,Reconhecido,3190,0,0,0,0,12,0,2739,07/05/2024
Dezesseis de Novembro,Tempestade Local/Convectiva - Chuvas Intensas,Reconhecido,2866,0,0,0,0,0,0,0,06/05/2024
Dezesseis de Novembro,Tempestade Local/Convectiva - Chuvas Intensas,Não reconhecido,2866,0,0,0,0,0,0,2507,25/01/2024
Dezesseis de Novembro,Tempestade Local/Convectiva - Vendaval,Não reconhecido,2866,0,0,0,0,2,0,76,05/01/2024
Dilermando de Aguiar,Tempestade Local/Convectiva - Chuvas Intensas,Reconhecido,3064,0,0,0,0,64,0,3000,01/05/2024
Dilermando de Aguiar,Tempestade Local/Convectiva - Chuvas Intensas,Registro,3064,0,0,0,0,0,0,0,25/03/2024
Dilermando de Aguiar,Tempestade Local/Convectiva - Chuvas Intensas,Registro,3064,0,0,0,0,0,0,2,26/01/2024
Dois Irmãos,Tempestade Local/Convectiva - Chuvas Intensas,Reconhecido,27572,0,0,0,0,60,0,0,07/05/2024
Dois Irmãos das Missões,Tempestade Local/Convectiva - Chuvas Intensas,Reconhecido,2157,0,0,0,0,12,0,2145,03/05/2024
Dois Lajeados,Tempestade Local/Convectiva - Chuvas Intensas,Reconhecido,3280,0,0,0,39,0,0,0,03/05/2024
Dom Feliciano,Tempestade Local/Convectiva - Chuvas Intensas,Reconhecido,14380,0,0,0,0,120,0,0,07/05/2024
Dom Pedrito,Tempestade Local/Convectiva - Chuvas Intensas,Reconhecido,38916,0,0,0,49,520,0,2731,08/10/2024
Dom Pedrito,Tempestade Local/Convectiva - Chuvas Intensas,Reconhecido,38916,0,0,0,0,0,0,1930,13/05/2024
Dom Pedro de Alcântara,Tempestade Local/Convectiva - Vendaval,Não reconhecido,2550,0,0,0,0,0,0,0,29/10/2024
Dom Pedro de Alcântara, Inundações,Reconhecido,2550,0,0,0,0,0,0,18,09/05/2024
Dona Francisca,Tempestade Local/Convectiva - Chuvas Intensas,Reconhecido,3401,0,0,0,80,150,0,3171,03/05/2024
Doutor Maurício Cardoso,Tempestade Local/Convectiva - Chuvas Intensas,Reconhecido,5313,0,0,0,0,0,0,4470,29/11/2024
Doutor Maurício Cardoso,Tempestade Local/Convectiva - Chuvas Intensas,Reconhecido,5313,0,0,0,0,0,0,4470,07/05/2024
Doutor Ricardo,Tempestade Local/Convectiva - Chuvas Intensas,Registro,2030,0,0,0,50,200,0,1638,24/05/2024
Doutor Ricardo,Tempestade Local/Convectiva - Chuvas Intensas,Registro,2030,0,0,0,50,200,0,1638,24/05/2024
Doutor Ricardo,Tempestade Local/Convectiva - Chuvas Intensas,Reconhecido,2030,0,0,0,50,200,0,1638,05/05/2024
Eldorado do Sul,Tempestade Local/Convectiva - Chuvas Intensas,Reconhecido,34335,0,0,0,6000,20000,300,13259,06/05/2024
Eldorado do Sul,Tempestade Local/Convectiva - Vendaval,Registro,34335,0,0,0,0,0,0,640,27/03/2024
Eldorado do Sul,Tempestade Local/Convectiva - Chuvas Intensas,Reconhecido,34335,0,0,0,16,160,0,2048,18/01/2024
Encantado,Tempestade Local/Convectiva - Chuvas Intensas,Reconhecido,20514,1,12,0,726,923,2,21298,04/05/2024
Encruzilhada do Sul,Tempestade Local/Convectiva - Chuvas Intensas,Reconhecido,24537,0,0,0,0,15,0,7000,06/05/2024
Engenho Velho,Tempestade Local/Convectiva - Chuvas Intensas,Reconhecido,1530,0,0,0,15,15,0,1500,03/05/2024
Engenho Velho,Tempestade Local/Convectiva - Vendaval,Reconhecido,1530,0,0,0,0,0,0,60,21/03/2024
Engenho Velho,Enxurradas,Registro,1530,0,0,0,0,0,0,600,25/01/2024
Entre Rios do Sul,Tempestade Local/Convectiva - Chuvas Intensas,Reconhecido,3080,0,0,0,0,12,0,3068,03/05/2024
Entre-Ijuís,Tempestade Local/Convectiva - Chuvas Intensas,Reconhecido,8938,0,0,0,0,60,0,9098,16/05/2024
Erebango,Tempestade Local/Convectiva - Chuvas Intensas,Reconhecido,2970,0,0,0,0,0,0,3054,24/06/2024
Erebango,Tempestade Local/Convectiva - Chuvas Intensas,Registro,2970,0,0,0,0,0,0,3054,06/05/2024
Erechim,Tempestade Local/Convectiva - Vendaval,Registro,96105,0,2,0,0,0,0,0,29/10/2024
Erechim,Tempestade Local/Convectiva - Chuvas Intensas,Reconhecido,96105,0,2,0,0,52,0,0,03/05/2024
Erechim,Tempestade Local/Convectiva - Chuvas Intensas,Registro,96105,0,0,0,0,0,0,300,16/03/2024
Erechim,Tempestade Local/Convectiva - Vendaval,Registro,96105,0,0,0,0,0,0,0,16/03/2024
Erval Grande,Tempestade Local/Convectiva - Chuvas Intensas,Reconhecido,5167,0,0,0,4,0,0,5163,03/05/2024
Erval Seco,Tempestade Local/Convectiva - Chuvas Intensas,Reconhecido,7878,0,0,0,0,0,0,7878,03/05/2024
Esmeralda,Tempestade Local/Convectiva - Chuvas Intensas,Não reconhecido,3169,0,0,0,0,0,0,40,10/05/2024
Esperança do Sul,Tempestade Local/Convectiva - Chuvas Intensas,Reconhecido,3272,0,0,0,0,0,0,3272,15/05/2024
Espumoso,Tempestade Local/Convectiva - Granizo,Registro,15240,0,0,0,0,0,0,0,28/09/2024
Espumoso,Tempestade Local/Convectiva - Chuvas Intensas,Reconhecido,15240,0,0,0,48,800,0,14325,03/05/2024
Espumoso,Tempestade Local/Convectiva - Vendaval,Reconhecido,15240,0,0,0,8,8,0,15157,27/03/2024
Estância Velha,Tempestade Local/Convectiva - Chuvas Intensas,Registro,42589,0,0,0,0,0,0,12,09/05/2024
Estância Velha,Tempestade Local/Convectiva - Chuvas Intensas,Registro,42589,0,0,0,0,0,0,0,09/05/2024
Estância Velha,Tempestade Local/Convectiva - Chuvas Intensas,Registro,42589,0,0,0,0,0,0,12,08/05/2024
Estação,Tempestade Local/Convectiva - Chuvas Intensas,Reconhecido,6011,0,0,0,0,0,0,5517,03/05/2024
Esteio, Inundações,Não reconhecido,80669,0,0,0,1061,10000,0,65076,18/05/2024
Esteio,Enxurradas,Reconhecido,80669,0,0,0,419,2000,0,10000,02/05/2024
Esteio,13212 - Tempestade Local/Convectiva - Tempestade de Raios,Registro,80669,0,0,0,0,0,0,0,18/01/2024
Estrela, Inundações,Reconhecido,30628,0,0,0,1100,4000,0,32183,03/05/2024
Estrela,Tempestade Local/Convectiva - Vendaval,Reconhecido,30628,0,0,0,0,0,0,2716,18/01/2024
Estrela Velha,Tempestade Local/Convectiva - Chuvas Intensas,Reconhecido,3628,0,0,0,14,32,0,3024,06/05/2024
Eugênio de Castro,Tempestade Local/Convectiva - Chuvas Intensas,Reconhecido,2797,0,0,0,0,16,0,0,06/05/2024
Fagundes Varela,Tempestade Local/Convectiva - Chuvas Intensas,Reconhecido,2579,0,0,0,0,5,0,150,04/05/2024
Farroupilha,Tempestade Local/Convectiva - Chuvas Intensas,Reconhecido,63641,0,0,0,0,111,0,0,03/05/2024
Faxinal do Soturno,Tempestade Local/Convectiva - Granizo,Registro,6672,0,0,0,0,0,0,515,26/09/2024
Faxinal do Soturno,Tempestade Local/Convectiva - Chuvas Intensas,Reconhecido,6672,0,0,0,43,320,0,6309,30/04/2024
Faxinal do Soturno,Tempestade Local/Convectiva - Vendaval,Registro,6672,0,0,0,0,0,0,0,22/03/2024
Faxinal do Soturno,Tempestade Local/Convectiva - Chuvas Intensas,Registro,6672,0,0,0,0,0,0,0,28/02/2024
Faxinalzinho,Tempestade Local/Convectiva - Chuvas Intensas,Reconhecido,2567,0,0,0,0,12,0,2555,03/05/2024
Fazenda Vilanova,Tempestade Local/Convectiva - Chuvas Intensas,Reconhecido,3697,0,0,0,0,0,0,4291,07/05/2024
Feliz,Tempestade Local/Convectiva - Chuvas Intensas,Não reconhecido,12359,0,0,350,0,40,0,4980,19/12/2024
Feliz,Tempestade Local/Convectiva - Chuvas Intensas,Não reconhecido,12359,0,0,350,0,40,0,5370,28/11/2024
Feliz,Tempestade Local/Convectiva - Chuvas Intensas,Reconhecido,12359,0,0,0,80,1200,0,12484,03/05/2024
Feliz,Tempestade Local/Convectiva - Chuvas Intensas,Registro,12359,0,0,0,0,0,0,0,03/05/2024
Flores da Cunha,Tempestade Local/Convectiva - Granizo,Registro,27135,0,0,0,0,0,0,0,25/06/2024
Flores da Cunha,Tempestade Local/Convectiva - Chuvas Intensas,Reconhecido,27135,0,0,0,12,80,0,30800,03/05/2024
Flores da Cunha,Tempestade Local/Convectiva - Granizo,Registro,27135,0,0,0,0,0,0,0,03/01/2024
Floriano Peixoto,Tempestade Local/Convectiva - Chuvas Intensas,Reconhecido,2018,0,0,0,0,0,0,1668,09/05/2024
Fontoura Xavier,Tempestade Local/Convectiva - Chuvas Intensas,Reconhecido,10712,1,91,62,23,400,0,6731,02/05/2024
Formigueiro,Tempestade Local/Convectiva - Chuvas Intensas,Reconhecido,7014,0,0,0,0,9,0,6404,03/05/2024
Forquetinha,Enxurradas,Reconhecido,2473,2,8,0,0,189,0,1023,07/05/2024
Fortaleza dos Valos,Tempestade Local/Convectiva - Chuvas Intensas,Reconhecido,4577,0,0,0,0,0,0,4577,06/05/2024
Fortaleza dos Valos,Tempestade Local/Convectiva - Vendaval,Registro,4577,0,0,0,0,0,0,0,02/04/2024
Frederico Westphalen,Tempestade Local/Convectiva - Chuvas Intensas,Reconhecido,28848,0,0,0,6,22,0,32599,04/05/2024
Frederico Westphalen,Tempestade Local/Convectiva - Chuvas Intensas,Reconhecido,28848,0,0,0,7,76,0,87,19/03/2024
Garibaldi,Tempestade Local/Convectiva - Chuvas Intensas,Reconhecido,30692,0,0,0,17,0,0,31500,02/05/2024
Garruchos,Tempestade Local/Convectiva - Vendaval,Registro,3233,0,0,0,0,0,0,0,09/10/2024
Garruchos,Tempestade Local/Convectiva - Chuvas Intensas,Reconhecido,3233,0,0,0,0,88,0,2600,07/05/2024
Gaurama,Tempestade Local/Convectiva - Chuvas Intensas,Reconhecido,5862,0,0,0,0,0,0,5665,09/05/2024
General Câmara,Tempestade Local/Convectiva - Chuvas Intensas,Reconhecido,8452,1,0,0,400,300,0,0,03/05/2024
Gentil,Tempestade Local/Convectiva - Chuvas Intensas,Reconhecido,1677,0,0,0,0,1,0,1743,04/05/2024
Gentil,Tempestade Local/Convectiva - Chuvas Intensas,Reconhecido,1677,0,0,0,0,1,0,599,17/04/2024
Getúlio Vargas,Tempestade Local/Convectiva - Chuvas Intensas,Reconhecido,16156,0,0,0,0,0,0,16156,15/05/2024
Getúlio Vargas,Alagamentos,Registro,16156,0,0,0,9,0,0,0,10/05/2024
Giruá,Tempestade Local/Convectiva - Chuvas Intensas,Reconhecido,17085,0,0,0,0,0,0,1890,09/05/2024
Glorinha,Tempestade Local/Convectiva - Chuvas Intensas,Reconhecido,6885,0,0,0,0,0,0,2000,13/05/2024
Glorinha,Tempestade Local/Convectiva - Chuvas Intensas,Registro,6885,0,0,0,0,0,0,0,29/01/2024
Gramado,Tempestade Local/Convectiva - Chuvas Intensas,Reconhecido,32300,7,2,0,272,900,0,103,05/05/2024
Gramado,Alagamentos,Registro,32300,0,0,0,0,0,0,0,01/04/2024
Gramado dos Loureiros,Tempestade Local/Convectiva - Chuvas Intensas,Reconhecido,2269,0,0,0,10,160,0,2099,06/05/2024
Gramado Xavier,Tempestade Local/Convectiva - Granizo,Registro,3970,0,0,0,0,0,0,0,24/06/2024
Gramado Xavier,Tempestade Local/Convectiva - Chuvas Intensas,Reconhecido,3970,0,0,0,0,12,164,3128,03/05/2024
Gramado Xavier,Enxurradas,Registro,3970,0,0,0,0,0,0,0,02/05/2024
Gravataí,Tempestade Local/Convectiva - Chuvas Intensas,Registro,255762,0,0,0,314,1200,0,8000,18/05/2024
Gravataí,Tempestade Local/Convectiva - Chuvas Intensas,Reconhecido,255762,0,0,0,314,1200,0,8000,30/04/2024
Gravataí,Tempestade Local/Convectiva - Chuvas Intensas,Reconhecido,255762,0,0,0,17,220,0,264837,17/01/2024
Gravataí,Tempestade Local/Convectiva - Chuvas Intensas,Registro,255762,0,0,0,0,1,0,0,15/01/2024
Grupo de municípios,Tempestade Local/Convectiva - Chuvas Intensas,Reconhecido,0,1,12,20,1734,5331,8,38975,04/05/2024
Guaíba,Tempestade Local/Convectiva - Chuvas Intensas,Reconhecido,95230,0,6870,0,13000,40000,0,0,06/05/2024
Guabiju,Tempestade Local/Convectiva - Chuvas Intensas,Reconhecido,1598,0,0,0,0,0,0,1598,06/05/2024
Guaporé,Enxurradas,Registro,22810,0,0,0,77,0,0,22733,20/12/2024
Guaporé,Tempestade Local/Convectiva - Chuvas Intensas,Não reconhecido,22810,0,0,0,77,0,0,22733,23/12/2024
Guaporé,Tempestade Local/Convectiva - Chuvas Intensas,Reconhecido,22810,0,0,0,7,76,0,25885,02/05/2024
Guarani das Missões,Tempestade Local/Convectiva - Chuvas Intensas,Reconhecido,8115,0,0,0,0,0,0,7415,27/05/2024
Guarani das Missões,Tempestade Local/Convectiva - Chuvas Intensas,Registro,8115,0,0,0,0,0,0,7415,14/05/2024
Harmonia, Inundações,Registro,4254,0,0,0,0,0,0,0,12/05/2024
Harmonia,Tempestade Local/Convectiva - Chuvas Intensas,Reconhecido,4254,0,0,0,28,179,0,16,07/05/2024
Herval,Tempestade Local/Convectiva - Chuvas Intensas,Reconhecido,6757,0,0,0,0,0,0,6191,06/05/2024
Herval,Tempestade Local/Convectiva - Vendaval,Registro,6757,0,0,0,0,0,0,19,12/04/2024
Herveiras,Tempestade Local/Convectiva - Chuvas Intensas,Reconhecido,2954,0,0,0,0,40,0,2486,07/05/2024
Horizontina,Tempestade Local/Convectiva - Chuvas Intensas,Reconhecido,18350,0,0,0,0,31,0,19358,06/05/2024
Horizontina,Tempestade Local/Convectiva - Vendaval,Não reconhecido,18350,0,0,0,0,0,0,18350,05/01/2024
Hulha Negra,Tempestade Local/Convectiva - Chuvas Intensas,Reconhecido,6048,0,0,0,0,0,0,6048,09/10/2024
Hulha Negra,Deslizamentos,Registro,6048,0,0,0,0,0,0,0,22/08/2024
Hulha Negra,Tempestade Local/Convectiva - Chuvas Intensas,Reconhecido,6048,0,0,0,0,0,0,6048,15/05/2024
Hulha Negra,Tempestade Local/Convectiva - Vendaval,Reconhecido,6048,0,0,0,0,0,0,112,27/03/2024
Hulha Negra,Tempestade Local/Convectiva - Vendaval,Reconhecido,6048,0,0,0,0,0,0,76,17/01/2024
Humaitá,Tempestade Local/Convectiva - Chuvas Intensas,Reconhecido,4919,0,0,0,0,0,0,4681,07/05/2024
Humaitá,Tempestade Local/Convectiva - Vendaval,Reconhecido,4919,0,0,0,0,4,0,248,05/01/2024
Ibarama,Tempestade Local/Convectiva - Chuvas Intensas,Reconhecido,4371,0,10,0,27,150,0,3549,05/05/2024
Ibiaçá,Tempestade Local/Convectiva - Granizo,Registro,4710,0,0,0,0,0,0,0,07/10/2024
Ibiaçá,Tempestade Local/Convectiva - Chuvas Intensas,Reconhecido,4710,0,0,0,0,0,0,2500,05/05/2024
Ibiraiaras,Tempestade Local/Convectiva - Chuvas Intensas,Não reconhecido,7175,0,0,0,0,0,0,7175,08/05/2024
Ibirapuitã,Tempestade Local/Convectiva - Chuvas Intensas,Reconhecido,4061,0,0,0,0,0,0,1670,04/05/2024
Ibirubà,Tempestade Local/Convectiva - Chuvas Intensas,Reconhecido,19312,0,0,0,0,100,0,0,08/05/2024
Ibirubà,Alagamentos,Registro,19312,0,0,0,0,100,0,0,02/05/2024
Igrejinha,Deslizamentos,Registro,31663,0,0,0,0,0,0,0,23/05/2024
Igrejinha,Tempestade Local/Convectiva - Chuvas Intensas,Reconhecido,31663,0,0,0,500,25000,0,6163,06/05/2024
Igrejinha,Tempestade Local/Convectiva - Vendaval,Registro,31663,0,0,0,0,0,0,0,01/04/2024
Ijuí,Tempestade Local/Convectiva - Chuvas Intensas,Reconhecido,78920,0,0,0,0,0,0,84041,06/05/2024
Ilópolis,Tempestade Local/Convectiva - Chuvas Intensas,Reconhecido,4098,0,0,0,0,32,0,0,03/05/2024
Imigrante,Tempestade Local/Convectiva - Chuvas Intensas,Reconhecido,3025,0,5,5,40,500,20,2455,30/04/2024
Independência,Tempestade Local/Convectiva - Chuvas Intensas,Reconhecido,6618,0,0,0,0,0,0,1800,06/05/2024
Inhacorá,Tempestade Local/Convectiva - Chuvas Intensas,Reconhecido,2267,0,0,0,0,0,0,2267,06/05/2024
Inhacorá,Tempestade Local/Convectiva - Vendaval,Reconhecido,2267,0,0,0,0,0,0,2267,03/01/2024
Ipê,Tempestade Local/Convectiva - Chuvas Intensas,Reconhecido,6017,0,0,0,0,78,0,5939,03/05/2024
Ipiranga do Sul,Tempestade Local/Convectiva - Chuvas Intensas,Reconhecido,1944,0,0,0,0,0,0,1720,28/06/2024
Iraí,Tempestade Local/Convectiva - Chuvas Intensas,Reconhecido,8078,0,0,0,0,92,0,7986,03/05/2024
Itaara,Tempestade Local/Convectiva - Chuvas Intensas,Registro,5011,0,0,0,0,2,0,0,20/11/2024
Itaara,Tempestade Local/Convectiva - Chuvas Intensas,Reconhecido,5011,1,18,0,50,50,0,441,03/05/2024
Itacurubi,Tempestade Local/Convectiva - Chuvas Intensas,Reconhecido,3441,0,0,0,0,0,0,2995,17/05/2024
Itacurubi,Tempestade Local/Convectiva - Vendaval,Registro,3441,0,0,0,0,0,0,12,26/07/2024
Itapuca,Tempestade Local/Convectiva - Chuvas Intensas,Reconhecido,2337,0,0,0,0,3,0,1515,06/05/2024
Itapuca,Enxurradas,Registro,2337,0,0,0,0,0,0,0,03/05/2024
Itaqui,Tempestade Local/Convectiva - Granizo,Não reconhecido,38166,0,0,0,0,0,0,568,06/08/2024
Itaqui, Inundações,Reconhecido,38166,0,0,0,90,1379,0,0,10/05/2024
Itati,Tempestade Local/Convectiva - Chuvas Intensas,Reconhecido,2589,0,0,0,80,600,0,1602,02/05/2024
Itatiba do Sul,Tempestade Local/Convectiva - Chuvas Intensas,Reconhecido,4171,0,0,0,0,0,0,4171,03/05/2024
Ivorá,Tempestade Local/Convectiva - Granizo,Registro,2156,0,0,0,0,0,0,0,30/09/2024
Ivorá,Tempestade Local/Convectiva - Chuvas Intensas,Reconhecido,2156,0,1,6,11,23,0,177,03/05/2024
Ivoti,Tempestade Local/Convectiva - Chuvas Intensas,Reconhecido,19877,0,0,0,55,361,0,300,10/05/2024
Jóia,Tempestade Local/Convectiva - Chuvas Intensas,Reconhecido,8329,0,0,0,0,0,0,8329,06/05/2024
Jaboticaba,Tempestade Local/Convectiva - Chuvas Intensas,Reconhecido,4111,0,0,0,0,0,0,4111,03/05/2024
Jacuizinho,Tempestade Local/Convectiva - Chuvas Intensas,Reconhecido,2507,0,0,0,5,40,0,2000,06/05/2024
Jacutinga,Tempestade Local/Convectiva - Chuvas Intensas,Reconhecido,3630,0,0,0,0,0,0,3630,20/05/2024
Jaguarão,Tempestade Local/Convectiva - Granizo,Reconhecido,27942,0,0,0,0,0,0,12000,23/09/2024
Jaguarão,Tempestade Local/Convectiva - Chuvas Intensas,Não reconhecido,27942,0,0,0,0,0,0,0,21/06/2024
Jaguarão,Tempestade Local/Convectiva - Chuvas Intensas,Reconhecido,27942,0,0,0,0,0,0,27942,06/05/2024
Jaguarão,Tempestade Local/Convectiva - Chuvas Intensas,Registro,27942,0,0,0,0,0,0,64,30/03/2024
Jaguari,Tempestade Local/Convectiva - Chuvas Intensas,Reconhecido,11478,0,0,0,106,700,0,0,04/05/2024
Jaguari,Tempestade Local/Convectiva - Chuvas Intensas,Reconhecido,11478,0,0,0,0,36,0,11442,19/04/2024
Júlio de Castilhos,Tempestade Local/Convectiva - Chuvas Intensas,Registro,19579,0,0,0,0,0,0,0,07/05/2024
Júlio de Castilhos,Tempestade Local/Convectiva - Chuvas Intensas,Reconhecido,19579,0,0,0,7,10,0,19579,30/04/2024
Jaquirana,Tempestade Local/Convectiva - Chuvas Intensas,Reconhecido,4177,0,0,0,0,0,0,4177,26/06/2024
Jari,Tempestade Local/Convectiva - Chuvas Intensas,Reconhecido,3575,0,0,0,0,0,0,3349,03/05/2024
Jari,Tempestade Local/Convectiva - Vendaval,Registro,3575,0,0,0,0,0,0,0,22/03/2024
Lagoa Bonita do Sul,Tempestade Local/Convectiva - Chuvas Intensas,Reconhecido,2662,0,1,0,0,15,0,2235,01/05/2024
Lagoa Bonita do Sul,Tempestade Local/Convectiva - Chuvas Intensas,Reconhecido,2662,0,0,0,0,0,0,2251,18/01/2024
Lagoa dos Três Cantos,Tempestade Local/Convectiva - Chuvas Intensas,Reconhecido,1598,0,0,0,0,0,0,1738,04/05/2024
Lagoa dos Três Cantos,Tempestade Local/Convectiva - Vendaval,Registro,1598,0,0,0,0,0,0,155,21/03/2024
Lagoa Vermelha,Tempestade Local/Convectiva - Chuvas Intensas,Registro,27529,0,0,0,7,5,0,0,14/05/2024
Lagoa Vermelha,Tempestade Local/Convectiva - Chuvas Intensas,Reconhecido,27529,0,0,0,7,5,0,27517,04/05/2024
Lagoa Vermelha,Tempestade Local/Convectiva - Vendaval,Reconhecido,27529,0,0,0,0,0,0,27529,22/03/2024
Lagoa Vermelha,Tempestade Local/Convectiva - Chuvas Intensas,Registro,27529,0,0,0,0,0,0,0,14/05/2024
Lagoão,Tempestade Local/Convectiva - Granizo,Reconhecido,6185,0,1,0,0,64,0,773,25/06/2024
Lagoão,Tempestade Local/Convectiva - Chuvas Intensas,Reconhecido,6185,0,0,0,0,0,0,6185,02/05/2024
Lajeado, Inundações,Registro,71481,0,0,0,300,500,0,0,20/06/2024
Lajeado,Tempestade Local/Convectiva - Chuvas Intensas,Registro,71481,0,0,0,1300,5000,0,65000,13/05/2024
Lajeado,Tempestade Local/Convectiva - Chuvas Intensas,Reconhecido,71481,10,60,0,1326,5000,50,65000,04/05/2024
Lajeado,Enxurradas,Registro,71481,0,0,0,0,0,0,0,24/04/2024
Lajeado,Enxurradas,Registro,71481,0,0,0,0,0,0,0,08/04/2024
Lajeado,13212 - Tempestade Local/Convectiva - Tempestade de Raios,Registro,71481,0,0,0,0,0,0,0,01/04/2024
Lajeado,13212 - Tempestade Local/Convectiva - Tempestade de Raios,Registro,71481,0,0,0,0,10,0,0,18/01/2024
Lajeado do Bugre,Tempestade Local/Convectiva - Chuvas Intensas,Reconhecido,2487,0,0,0,0,0,0,2487,03/05/2024
Lavras do Sul,Tempestade Local/Convectiva - Chuvas Intensas,Reconhecido,7669,0,0,0,0,10,0,300,02/05/2024
Liberato Salzano,Tempestade Local/Convectiva - Chuvas Intensas,Reconhecido,5780,0,20,0,0,404,0,5356,03/05/2024
Lindolfo Collor,Tempestade Local/Convectiva - Chuvas Intensas,Reconhecido,5229,0,1,0,150,250,0,0,07/05/2024
Linha Nova,Tempestade Local/Convectiva - Chuvas Intensas,Reconhecido,1624,0,0,0,5,30,0,0,08/05/2024
Maçambará,Tempestade Local/Convectiva - Chuvas Intensas,Reconhecido,4742,0,0,0,0,0,0,3430,08/05/2024
Machadinho,Tempestade Local/Convectiva - Chuvas Intensas,Reconhecido,5515,0,0,0,0,0,0,2127,09/05/2024
Mampituba,Tempestade Local/Convectiva - Chuvas Intensas,Reconhecido,2997,0,0,0,0,30,0,3101,16/05/2024
Manoel Viana,Tempestade Local/Convectiva - Chuvas Intensas,Reconhecido,7074,0,0,0,8,432,0,0,03/05/2024
Maquiné,Enxurradas,Registro,6908,0,0,0,0,0,0,0,03/05/2024
Maquiné,Tempestade Local/Convectiva - Chuvas Intensas,Reconhecido,6908,0,0,0,52,300,0,2900,06/05/2024
Maratá,Tempestade Local/Convectiva - Chuvas Intensas,Reconhecido,2527,0,0,0,0,19,0,1909,03/05/2024
Marau,Tempestade Local/Convectiva - Chuvas Intensas,Reconhecido,36383,0,0,0,30,24,0,9300,03/05/2024
Marcelino Ramos,Tempestade Local/Convectiva - Chuvas Intensas,Não reconhecido,5134,0,0,0,0,6,0,4314,30/12/2024
Marcelino Ramos,Tempestade Local/Convectiva - Chuvas Intensas,Registro,5134,0,0,0,0,14,0,4306,23/05/2024
Marcelino Ramos,Tempestade Local/Convectiva - Chuvas Intensas,Reconhecido,5134,0,0,0,0,12,0,0,05/05/2024
Mariana Pimentel,Tempestade Local/Convectiva - Chuvas Intensas,Reconhecido,3768,0,0,0,0,2,0,280,06/05/2024
Mariano Moro,Tempestade Local/Convectiva - Chuvas Intensas,Reconhecido,2210,0,0,0,0,0,0,1858,03/05/2024
Marques de Souza,Tempestade Local/Convectiva - Chuvas Intensas,Reconhecido,4068,0,20,0,400,150,1,3497,30/04/2024
Mata,Tempestade Local/Convectiva - Chuvas Intensas,Reconhecido,5111,0,0,0,100,700,0,4311,03/05/2024
Mata,Tempestade Local/Convectiva - Chuvas Intensas,Reconhecido,5111,0,0,0,0,0,0,5111,18/03/2024
Mata,Tempestade Local/Convectiva - Granizo,Reconhecido,5111,0,0,0,0,0,0,5111,19/01/2024
Mato Castelhano,Deslizamentos,Registro,2470,0,0,0,0,0,0,0,26/06/2024
Mato Castelhano,Tempestade Local/Convectiva - Chuvas Intensas,Reconhecido,2470,0,0,0,0,59,0,1500,06/05/2024
Mato Leitão,Tempestade Local/Convectiva - Chuvas Intensas,Reconhecido,3869,0,0,0,0,48,0,0,06/05/2024
Mato Queimado,Tempestade Local/Convectiva - Chuvas Intensas,Reconhecido,1799,0,0,0,0,3,0,1796,17/05/2024
Maximiliano de Almeida,Tempestade Local/Convectiva - Chuvas Intensas,Reconhecido,4907,0,0,0,0,0,0,4191,03/05/2024
Maximiliano de Almeida,Tempestade Local/Convectiva - Chuvas Intensas,Reconhecido,4907,0,0,0,0,0,0,4191,20/04/2024
Minas do Leão,Tempestade Local/Convectiva - Vendaval,Registro,7631,0,0,0,0,0,0,254,03/12/2024
Minas do Leão,Alagamentos,Reconhecido,7631,0,0,0,12,68,0,140,06/05/2024
Miraguaí,Tempestade Local/Convectiva - Chuvas Intensas,Reconhecido,4855,0,0,0,0,0,0,4855,05/05/2024
Miraguaí,Tempestade Local/Convectiva - Vendaval,Reconhecido,4855,0,0,0,0,0,0,4855,03/01/2024
Montauri,Tempestade Local/Convectiva - Chuvas Intensas,Reconhecido,1542,0,0,0,0,0,0,0,04/05/2024
Monte Alegre dos Campos,Tempestade Local/Convectiva - Chuvas Intensas,Reconhecido,3098,0,0,0,0,0,0,0,22/05/2024
Monte Alegre dos Campos,Tempestade Local/Convectiva - Vendaval,Reconhecido,3098,0,0,0,2,0,0,276,29/04/2024
Monte Belo do Sul,Tempestade Local/Convectiva - Chuvas Intensas,Reconhecido,2670,0,19,0,147,50,0,0,06/05/2024
Montenegro,Tempestade Local/Convectiva - Chuvas Intensas,Reconhecido,59436,0,0,0,768,7845,0,2650,01/05/2024
Mormaço,Tempestade Local/Convectiva - Chuvas Intensas,Reconhecido,2749,0,0,0,0,7,0,2749,06/05/2024
Morrinhos do Sul,Tempestade Local/Convectiva - Chuvas Intensas,Reconhecido,3185,0,0,0,0,0,0,3185,06/05/2024
Morro Redondo,Tempestade Local/Convectiva - Chuvas Intensas,Reconhecido,6231,0,0,0,0,0,0,1940,23/05/2024
Morro Redondo,Tempestade Local/Convectiva - Vendaval,Reconhecido,6231,0,0,0,0,0,0,560,22/03/2024
Morro Reuter,Tempestade Local/Convectiva - Chuvas Intensas,Reconhecido,5680,0,0,0,0,40,0,1500,06/05/2024
Mostardas,Tempestade Local/Convectiva - Chuvas Intensas,Registro,12130,0,0,0,0,0,0,0,19/07/2024
Mostardas,Tempestade Local/Convectiva - Chuvas Intensas,Reconhecido,12130,0,0,0,0,0,0,0,03/05/2024
Mostardas,Tempestade Local/Convectiva - Chuvas Intensas,Registro,12130,0,0,0,0,0,0,0,02/05/2024
Muçum,Tempestade Local/Convectiva - Chuvas Intensas,Reconhecido,4791,0,0,0,306,3520,0,965,02/05/2024
Muitos Capões,Tempestade Local/Convectiva - Chuvas Intensas,Reconhecido,2977,0,0,0,0,10,0,2869,08/05/2024
Muliterno,Tempestade Local/Convectiva - Vendaval,Registro,1813,0,0,0,0,0,0,23,30/10/2024
Não-Me-Toque,Tempestade Local/Convectiva - Chuvas Intensas,Reconhecido,15938,0,1,0,3,3,0,3600,06/05/2024
Não-Me-Toque,Tempestade Local/Convectiva - Vendaval,Registro,15938,0,0,0,0,0,0,20,17/01/2024
Nicolau Vergueiro,Tempestade Local/Convectiva - Chuvas Intensas,Reconhecido,1721,0,0,0,0,0,0,1400,03/07/2024
Nicolau Vergueiro,Tempestade Local/Convectiva - Vendaval,Registro,1721,0,0,0,0,0,0,0,01/04/2024
Nonoai,Tempestade Local/Convectiva - Chuvas Intensas,Reconhecido,12076,0,0,0,0,52,0,12024,04/05/2024
Nonoai,Enxurradas,Registro,12076,0,0,0,0,0,0,0,03/05/2024
Nova Alvorada,Tempestade Local/Convectiva - Chuvas Intensas,Reconhecido,3177,0,0,0,22,103,0,0,04/05/2024
Nova Bassano,Tempestade Local/Convectiva - Chuvas Intensas,Reconhecido,8840,0,0,0,0,650,0,8999,02/05/2024
Nova Boa Vista,Tempestade Local/Convectiva - Chuvas Intensas,Reconhecido,1960,0,0,0,0,1,0,2041,03/05/2024
Nova Bréscia,Tempestade Local/Convectiva - Chuvas Intensas,Reconhecido,3184,0,0,0,16,5,0,3013,05/05/2024
Nova Candelária,Tempestade Local/Convectiva - Vendaval,Reconhecido,2751,0,0,0,0,0,0,3000,03/01/2024
Nova Esperança do Sul,Tempestade Local/Convectiva - Chuvas Intensas,Reconhecido,4671,0,0,0,0,0,0,4671,02/05/2024
Nova Hartz,Tempestade Local/Convectiva - Chuvas Intensas,Reconhecido,18346,0,0,0,0,32,0,200,09/05/2024
Nova Pídua,Tempestade Local/Convectiva - Chuvas Intensas,Reconhecido,2445,0,0,0,0,72,0,0,08/05/2024
Nova Palma,Tempestade Local/Convectiva - Granizo,Registro,6345,0,0,0,0,0,0,0,26/09/2024
Nova Palma,Tempestade Local/Convectiva - Chuvas Intensas,Reconhecido,6345,0,0,0,50,550,0,5745,03/05/2024
Nova Palma,Tempestade Local/Convectiva - Vendaval,Registro,6345,0,0,0,0,0,0,6345,27/03/2024
Nova Palma,Tempestade Local/Convectiva - Chuvas Intensas,Registro,6345,0,0,0,0,0,0,6345,27/02/2024
Nova Petrópolis,Tempestade Local/Convectiva - Chuvas Intensas,Reconhecido,19058,0,0,3,35,1200,0,21000,05/05/2024
Nova Prata,Enxurradas,Reconhecido,22830,0,0,0,3,180,0,8412,02/05/2024
Nova Ramada,Tempestade Local/Convectiva - Chuvas Intensas,Reconhecido,2437,0,0,0,0,16,0,2421,03/05/2024
Nova Roma do Sul,Tempestade Local/Convectiva - Chuvas Intensas,Reconhecido,3347,0,0,0,0,0,0,3466,02/05/2024
Nova Santa Rita,Tempestade Local/Convectiva - Chuvas Intensas,Reconhecido,22706,0,0,50,1500,8000,0,0,14/05/2024
Nova Santa Rita, Inundações,Reconhecido,22706,0,0,50,1100,250,0,0,02/05/2024
Novo Barreiro,Tempestade Local/Convectiva - Chuvas Intensas,Registro,3978,0,0,0,0,0,0,0,07/05/2024
Novo Barreiro,Tempestade Local/Convectiva - Chuvas Intensas,Reconhecido,3978,0,0,0,0,48,0,4224,07/05/2024
Novo Cabrais,Tempestade Local/Convectiva - Chuvas Intensas,Reconhecido,3855,0,0,0,10,50,0,0,03/05/2024
Novo Hamburgo,Tempestade Local/Convectiva - Chuvas Intensas,Reconhecido,239051,0,0,0,3981,10000,0,7000,02/05/2024
Novo Machado,Tempestade Local/Convectiva - Chuvas Intensas,Reconhecido,3927,0,0,0,0,0,0,3198,07/05/2024
Novo Tiradentes,Tempestade Local/Convectiva - Chuvas Intensas,Reconhecido,2277,0,0,0,0,7,0,2139,03/05/2024
Novo Tiradentes,Tempestade Local/Convectiva - Vendaval,Reconhecido,2277,0,0,0,0,0,0,2146,04/01/2024
Novo Xingu,Tempestade Local/Convectiva - Chuvas Intensas,Reconhecido,1757,0,0,0,0,50,0,1596,03/05/2024
Osório,Alagamentos,Não reconhecido,40941,0,0,0,0,10,0,0,22/05/2024
Paim Filho,Tempestade Local/Convectiva - Chuvas Intensas,Reconhecido,4243,0,0,0,0,0,0,3629,04/05/2024
Palmares do Sul,Tempestade Local/Convectiva - Chuvas Intensas,Reconhecido,10971,0,0,0,0,150,0,0,06/05/2024
Palmeira das Missões,Tempestade Local/Convectiva - Vendaval,Registro,34335,0,0,0,0,0,0,700,27/09/2024
Palmeira das Missões,Tempestade Local/Convectiva - Chuvas Intensas,Reconhecido,34335,0,0,0,0,0,0,34335,04/05/2024
Palmitinho,Tempestade Local/Convectiva - Chuvas Intensas,Reconhecido,6920,0,0,0,10,54,0,7775,03/05/2024
Panambi,Tempestade Local/Convectiva - Granizo,Reconhecido,38068,0,0,0,0,0,0,1040,09/10/2024
Panambi,Tempestade Local/Convectiva - Chuvas Intensas,Reconhecido,38068,36064,0,0,0,4,0,0,03/05/2024
Panambi,Tempestade Local/Convectiva - Vendaval,Reconhecido,38068,0,0,0,0,0,0,3000,26/03/2024
Panambi,Tempestade Local/Convectiva - Chuvas Intensas,Reconhecido,38068,0,0,0,0,0,0,15000,23/01/2024
Pantano Grande,Tempestade Local/Convectiva - Chuvas Intensas,Reconhecido,9895,1,0,0,80,2550,0,2770,02/05/2024
Paraí,Tempestade Local/Convectiva - Chuvas Intensas,Reconhecido,6812,0,0,0,0,0,0,6812,05/05/2024
Paraíso do Sul,Tempestade Local/Convectiva - Chuvas Intensas,Reconhecido,7336,0,0,0,0,0,0,6519,03/05/2024
Paraíso do Sul,Tempestade Local/Convectiva - Chuvas Intensas,Registro,7336,0,0,0,0,0,0,6519,22/01/2024
Pareci Novo,Tempestade Local/Convectiva - Chuvas Intensas,Reconhecido,3511,0,0,0,503,626,0,0,05/05/2024
Parobé,Tempestade Local/Convectiva - Chuvas Intensas,Registro,51481,0,0,0,60,150,0,0,18/06/2024
Parobé,Tempestade Local/Convectiva - Chuvas Intensas,Reconhecido,51481,0,0,500,598,6000,0,0,08/05/2024
Parobé,Tempestade Local/Convectiva - Vendaval,Registro,51481,0,0,0,0,0,0,0,17/01/2024
Passa Sete,Tempestade Local/Convectiva - Chuvas Intensas,Registro,5159,0,0,0,0,0,0,150,21/06/2024
Passa Sete,Tempestade Local/Convectiva - Chuvas Intensas,Reconhecido,5159,0,0,0,0,1000,0,3982,04/05/2024
Passa Sete,Tempestade Local/Convectiva - Chuvas Intensas,Registro,5159,0,0,0,0,0,0,3982,24/04/2024
Passa Sete,Tempestade Local/Convectiva - Vendaval,Registro,5159,0,0,0,0,0,0,3982,21/03/2024
Passa Sete,Tempestade Local/Convectiva - Chuvas Intensas,Registro,5159,0,0,0,0,0,0,3982,21/02/2024
Passa Sete,Tempestade Local/Convectiva - Vendaval,Reconhecido,5159,0,0,0,0,3,0,3979,18/01/2024
Passo do Sobrado,Tempestade Local/Convectiva - Chuvas Intensas,Reconhecido,6011,0,0,0,34,50,0,2800,03/05/2024
Passo Fundo,Tempestade Local/Convectiva - Granizo,Registro,184869,0,0,0,0,0,0,2280,11/10/2024
Passo Fundo,Tempestade Local/Convectiva - Chuvas Intensas,Reconhecido,184869,0,0,0,0,468,0,0,05/06/2024
Paulo Bento,Tempestade Local/Convectiva - Chuvas Intensas,Reconhecido,2196,0,0,0,0,6,0,2190,06/05/2024
Paverama,Tempestade Local/Convectiva - Chuvas Intensas,Reconhecido,8047,2,0,0,0,95,0,5000,30/04/2024
Pedras Altas,Tempestade Local/Convectiva - Chuvas Intensas,Reconhecido,2218,0,0,0,0,0,0,2061,07/05/2024
Pedro Osório, Inundações,Reconhecido,7817,0,0,0,0,0,0,0,08/05/2024
Pejuçara,Tempestade Local/Convectiva - Granizo,Registro,3973,0,0,0,0,0,0,53,04/10/2024
Pejuçara,Tempestade Local/Convectiva - Chuvas Intensas,Reconhecido,3973,0,0,0,0,0,0,3745,23/05/2024
Pejuçara,Tempestade Local/Convectiva - Chuvas Intensas,Registro,3973,0,0,0,0,0,0,3745,07/05/2024
Pejuçara,Tempestade Local/Convectiva - Vendaval,Registro,3973,0,0,0,0,0,0,3000,26/03/2024
Pelotas,Tempestade Local/Convectiva - Chuvas Intensas,Reconhecido,327778,0,0,0,44,0,0,0,02/10/2024
Pelotas,Tempestade Local/Convectiva - Chuvas Intensas,Reconhecido,327778,0,0,0,740,720,0,104000,18/05/2024
Pelotas,Tempestade Local/Convectiva - Vendaval,Registro,327778,0,0,0,0,12,0,0,26/03/2024
Picada Café,Tempestade Local/Convectiva - Chuvas Intensas,Reconhecido,5182,0,0,0,13,16,0,5322,06/05/2024
Pinhal,Tempestade Local/Convectiva - Chuvas Intensas,Reconhecido,2515,0,0,0,150,0,0,2809,05/05/2024
Pinhal,Tempestade Local/Convectiva - Vendaval,Reconhecido,2515,0,0,0,0,40,0,2475,03/01/2024
Pinhal Grande,Tempestade Local/Convectiva - Chuvas Intensas,Reconhecido,4471,1,0,0,26,43,1,4400,01/05/2024
Pinhal Grande,Tempestade Local/Convectiva - Chuvas Intensas,Registro,4471,0,0,0,0,0,0,4471,27/02/2024
Pinheirinho do Vale,Tempestade Local/Convectiva - Chuvas Intensas,Reconhecido,4503,0,0,0,0,20,0,4503,07/05/2024
Pinheiro Machado,Tempestade Local/Convectiva - Chuvas Intensas,Reconhecido,12787,0,0,0,0,0,0,11214,01/10/2024
Pinheiro Machado,Tempestade Local/Convectiva - Granizo,Registro,12787,0,0,0,0,0,0,108,23/09/2024
Pinheiro Machado,Tempestade Local/Convectiva - Chuvas Intensas,Registro,12787,0,0,0,0,0,0,11214,20/08/2024
Pinheiro Machado,Tempestade Local/Convectiva - Chuvas Intensas,Registro,12787,0,0,0,0,0,0,11214,19/06/2024
Pinheiro Machado,Tempestade Local/Convectiva - Chuvas Intensas,Reconhecido,12787,0,0,0,0,0,0,11214,03/05/2024
Pinto Bandeira,Enxurradas,Registro,0,0,0,0,15,110,0,0,04/05/2024
Pinto Bandeira,Tempestade Local/Convectiva - Chuvas Intensas,Reconhecido,0,0,0,0,15,100,0,200,14/05/2024
Pirapó,Tempestade Local/Convectiva - Chuvas Intensas,Reconhecido,2757,0,0,0,0,0,0,1200,11/05/2024
Piratini,Tempestade Local/Convectiva - Chuvas Intensas,Reconhecido,19831,0,0,0,0,2,0,19829,27/09/2024
Piratini,Tempestade Local/Convectiva - Chuvas Intensas,Reconhecido,19831,0,0,0,0,0,0,19831,06/05/2024
Piratini,Tempestade Local/Convectiva - Vendaval,Reconhecido,19831,0,1,0,0,3,0,19381,25/03/2024
Planalto,Tempestade Local/Convectiva - Chuvas Intensas,Reconhecido,10524,0,0,0,0,0,0,10524,04/05/2024
Poço das Antas,Tempestade Local/Convectiva - Chuvas Intensas,Reconhecido,2017,0,0,0,0,61,1,1955,07/05/2024
Poço das Antas,Tempestade Local/Convectiva - Vendaval,Reconhecido,2017,0,0,0,0,10,0,490,24/01/2024
Pontão,Tempestade Local/Convectiva - Chuvas Intensas,Reconhecido,3857,0,0,0,0,5,0,0,07/05/2024
Ponte Preta,Tempestade Local/Convectiva - Chuvas Intensas,Não reconhecido,1750,0,0,0,0,0,0,0,31/12/2024
Ponte Preta,Tempestade Local/Convectiva - Vendaval,Registro,1750,0,0,0,0,0,0,0,24/10/2024
Ponte Preta,13212 - Tempestade Local/Convectiva - Tempestade de Raios,Registro,1750,0,0,0,0,0,0,0,10/05/2024
Ponte Preta,Tempestade Local/Convectiva - Chuvas Intensas,Reconhecido,1750,0,0,0,0,167,0,1408,03/05/2024
Ponte Preta,Enxurradas,Registro,1750,0,0,0,0,0,0,0,02/05/2024
Ponte Preta,Tempestade Local/Convectiva - Granizo,Registro,1750,0,0,0,0,0,0,0,31/01/2024
Ponte Preta,Tempestade Local/Convectiva - Vendaval,Registro,1750,0,0,0,0,0,0,0,29/01/2024
Ponte Preta,Tempestade Local/Convectiva - Vendaval,Registro,1750,0,0,0,0,0,0,0,02/01/2024
Portão, Inundações,Reconhecido,30881,0,0,0,22,70,0,100,02/05/2024
Porto Alegre,Tempestade Local/Convectiva - Chuvas Intensas,Não reconhecido,1409939,0,0,0,0,0,0,0,25/12/2024
Porto Alegre,Tempestade Local/Convectiva - Chuvas Intensas,Reconhecido,1409939,0,50,50,83,10000,0,0,06/05/2024
Porto Alegre,Tempestade Local/Convectiva - Chuvas Intensas,Reconhecido,1409939,0,0,0,0,10000,0,1399000,19/01/2024
Porto Lucena,Tempestade Local/Convectiva - Chuvas Intensas,Reconhecido,5421,0,0,0,2,33,0,4325,06/05/2024
Porto Mauá,Tempestade Local/Convectiva - Chuvas Intensas,Reconhecido,2544,0,0,0,0,0,0,2142,06/05/2024
Porto Vera Cruz,Tempestade Local/Convectiva - Chuvas Intensas,Reconhecido,1852,0,0,0,0,0,0,1560,06/05/2024
Porto Xavier,Tempestade Local/Convectiva - Chuvas Intensas,Reconhecido,10560,0,0,0,50,760,0,9748,06/05/2024
Porto Xavier,Tempestade Local/Convectiva - Vendaval,Reconhecido,10560,0,0,0,0,20,0,10538,04/01/2024
Pouso Novo,Tempestade Local/Convectiva - Chuvas Intensas,Reconhecido,1875,0,2,0,0,90,0,1647,08/05/2024
Presidente Lucena,Enxurradas,Reconhecido,2485,0,0,0,0,0,0,3077,02/05/2024
Progresso,Tempestade Local/Convectiva - Chuvas Intensas,Reconhecido,6161,0,0,0,0,0,0,5340,03/05/2024
Protásio Alves,Tempestade Local/Convectiva - Chuvas Intensas,Reconhecido,2000,0,0,0,0,13,0,61,03/05/2024
Putinga,Tempestade Local/Convectiva - Chuvas Intensas,Reconhecido,4147,1,0,0,0,0,0,0,03/05/2024
Putinga,Enxurradas,Reconhecido,4147,0,0,0,0,0,0,2680,21/02/2024
Quaraí,Tempestade Local/Convectiva - Chuvas Intensas,Reconhecido,23021,0,0,0,57,0,0,7000,02/05/2024
Quatro Irmãos,Tempestade Local/Convectiva - Chuvas Intensas,Reconhecido,1778,0,0,0,0,0,0,1552,21/05/2024
Quevedos,Tempestade Local/Convectiva - Chuvas Intensas,Reconhecido,2710,0,0,0,0,2,0,2708,03/05/2024
Quevedos,Tempestade Local/Convectiva - Chuvas Intensas,Reconhecido,2710,0,0,0,0,0,0,2710,22/04/2024
Quinze de Novembro,Tempestade Local/Convectiva - Chuvas Intensas,Reconhecido,3653,0,0,0,0,0,0,2500,02/05/2024
Redentora,Tempestade Local/Convectiva - Chuvas Intensas,Reconhecido,10222,0,0,0,42,65,0,10115,03/05/2024
Relvado,Tempestade Local/Convectiva - Chuvas Intensas,Não reconhecido,2155,1,0,0,0,0,1,2098,03/12/2024
Relvado,Tempestade Local/Convectiva - Chuvas Intensas,Reconhecido,2155,4,0,0,400,800,2,0,04/05/2024
Restinga Seca,Tempestade Local/Convectiva - Chuvas Intensas,Reconhecido,15850,0,0,0,151,146,0,0,06/05/2024
Restinga Seca,Enxurradas,Registro,15850,0,0,0,151,146,0,0,03/05/2024
Restinga Seca,Tempestade Local/Convectiva - Chuvas Intensas,Reconhecido,15850,0,0,0,0,0,0,14939,18/01/2024
Rio dos Índios,Tempestade Local/Convectiva - Chuvas Intensas,Reconhecido,3616,0,0,0,0,5,0,3611,07/05/2024
Rio Grande,Tempestade Local/Convectiva - Vendaval,Registro,197253,0,0,0,0,0,0,10000,16/12/2024
Rio Grande,Tempestade Local/Convectiva - Chuvas Intensas,Reconhecido,197253,0,0,0,43,150,0,10000,27/09/2024
Rio Grande,Tempestade Local/Convectiva - Chuvas Intensas,Reconhecido,197253,0,0,0,0,0,0,0,09/05/2024
Rio Grande,Tempestade Local/Convectiva - Vendaval,Reconhecido,197253,0,0,0,0,10,0,197243,28/03/2024
Rio Pardo, Inundações,Reconhecido,37602,0,0,0,414,3088,0,0,02/05/2024
Rio Pardo,Tempestade Local/Convectiva - Vendaval,Registro,37602,0,0,0,0,0,0,0,25/03/2024
Riozinho,Tempestade Local/Convectiva - Chuvas Intensas,Reconhecido,4327,0,0,0,0,13,0,4460,06/05/2024
Roca Sales,Tempestade Local/Convectiva - Chuvas Intensas,Registro,10287,0,0,0,0,0,0,0,13/05/2024
Roca Sales,Tempestade Local/Convectiva - Chuvas Intensas,Reconhecido,10287,3,14,0,350,3000,14,0,05/05/2024
Roca Sales,Tempestade Local/Convectiva - Vendaval,Registro,10287,0,0,0,0,0,0,300,27/03/2024
Rodeio Bonito,Tempestade Local/Convectiva - Chuvas Intensas,Reconhecido,5743,0,0,0,0,0,0,6694,04/05/2024
Rolador,Tempestade Local/Convectiva - Chuvas Intensas,Reconhecido,2546,0,0,0,0,8,0,2192,09/05/2024
Rolador,Tempestade Local/Convectiva - Vendaval,Reconhecido,2546,0,0,0,0,0,0,2546,22/03/2024
Rolante,Tempestade Local/Convectiva - Chuvas Intensas,Reconhecido,19493,0,4,0,200,7000,0,14049,05/05/2024
Ronda Alta,Tempestade Local/Convectiva - Chuvas Intensas,Reconhecido,10228,0,0,0,0,0,0,10228,03/05/2024
Rondinha,Tempestade Local/Convectiva - Chuvas Intensas,Reconhecido,5520,0,0,0,0,0,0,5520,03/05/2024
Roque Gonzales,Tempestade Local/Convectiva - Chuvas Intensas,Reconhecido,7206,0,0,0,0,0,0,0,06/05/2024
Roque Gonzales,Tempestade Local/Convectiva - Vendaval,Reconhecido,7206,0,3,0,3,0,0,1794,04/01/2024
Rosário do Sul,Tempestade Local/Convectiva - Chuvas Intensas,Reconhecido,39751,0,0,0,0,158,0,3860,06/05/2024
São Borja, Inundações,Reconhecido,61662,0,0,0,200,500,0,1000,07/05/2024
São Domingos do Sul,Tempestade Local/Convectiva - Chuvas Intensas,Reconhecido,2926,0,0,0,0,0,0,2926,03/05/2024
São Francisco de Assis,Tempestade Local/Convectiva - Chuvas Intensas,Reconhecido,19258,0,0,0,0,40,0,3000,03/05/2024
São Francisco de Paula,Tempestade Local/Convectiva - Chuvas Intensas,Reconhecido,20540,0,0,0,4,40,0,20496,03/05/2024
São Gabriel, Inundações,Reconhecido,60508,0,0,0,50,1850,0,10000,30/04/2024
São Jerônimo,Tempestade Local/Convectiva - Chuvas Intensas,Reconhecido,22141,0,120,150,975,4080,1,16815,06/05/2024
São João da Urtiga,Tempestade Local/Convectiva - Chuvas Intensas,Reconhecido,4726,0,0,0,0,0,0,4726,05/05/2024
São João do Polêsine,Tempestade Local/Convectiva - Granizo,Registro,2635,0,0,0,0,0,0,600,07/10/2024
São João do Polêsine,Tempestade Local/Convectiva - Chuvas Intensas,Registro,2635,0,0,0,0,0,0,0,04/05/2024
São João do Polêsine,Tempestade Local/Convectiva - Chuvas Intensas,Reconhecido,2635,1,1,1,21,100,0,2525,06/05/2024
São Jorge,Tempestade Local/Convectiva - Chuvas Intensas,Reconhecido,2774,0,0,0,0,90,0,2684,04/05/2024
São Jorge,Enxurradas,Registro,2774,0,0,0,0,90,0,2684,03/05/2024
São José das Missões,Tempestade Local/Convectiva - Chuvas Intensas,Reconhecido,2720,0,0,0,0,8,0,2712,03/05/2024
São José do Herval,Tempestade Local/Convectiva - Chuvas Intensas,Reconhecido,2204,0,0,0,0,0,0,800,02/05/2024
São José do Hortêncio,Enxurradas,Reconhecido,4094,0,0,0,2,143,0,100,06/05/2024
São José do Inhacorá,Tempestade Local/Convectiva - Chuvas Intensas,Reconhecido,2200,0,0,0,0,20,0,2386,06/05/2024
São José do Norte,Tempestade Local/Convectiva - Chuvas Intensas,Reconhecido,25523,0,0,0,0,7,0,180,27/09/2024
São José do Norte, Inundações,Reconhecido,25523,0,0,0,273,1000,0,0,10/05/2024
São José do Sul,Enxurradas,Reconhecido,2082,0,0,0,0,13,0,1632,02/05/2024
São José dos Ausentes,Tempestade Local/Convectiva - Chuvas Intensas,Reconhecido,3290,0,0,0,0,0,0,700,06/05/2024
São Leopoldo,Tempestade Local/Convectiva - Chuvas Intensas,Reconhecido,214210,1,0,0,15000,165000,0,36436,07/05/2024
São Lourenço do Sul,Tempestade Local/Convectiva - Chuvas Intensas,Reconhecido,43114,0,0,0,152,2000,0,40962,10/05/2024
São Lourenço do Sul,Tempestade Local/Convectiva - Chuvas Intensas,Registro,43114,0,0,0,80,300,0,0,08/05/2024
São Lourenço do Sul,Tempestade Local/Convectiva - Vendaval,Reconhecido,43114,0,0,0,0,0,0,43114,27/03/2024
São Luiz Gonzaga,Tempestade Local/Convectiva - Vendaval,Reconhecido,34558,0,1,0,0,400,0,15000,16/06/2024
São Luiz Gonzaga,Tempestade Local/Convectiva - Chuvas Intensas,Reconhecido,34558,0,0,0,0,0,0,34558,30/05/2024
São Marcos,Tempestade Local/Convectiva - Chuvas Intensas,Reconhecido,20105,0,0,0,0,15,0,350,03/05/2024
São Martinho,Tempestade Local/Convectiva - Chuvas Intensas,Reconhecido,5773,0,0,0,0,0,0,5773,08/05/2024
São Martinho da Serra,Tempestade Local/Convectiva - Chuvas Intensas,Reconhecido,3201,0,0,0,23,250,0,0,06/05/2024
São Martinho da Serra,Tempestade Local/Convectiva - Chuvas Intensas,Registro,3201,0,0,0,0,0,0,0,19/03/2024
São Miguel das Missões,Tempestade Local/Convectiva - Chuvas Intensas,Reconhecido,7421,0,0,0,0,0,0,7056,06/05/2024
São Miguel das Missões,Tempestade Local/Convectiva - Vendaval,Reconhecido,7421,0,0,0,0,0,0,100,03/05/2024
São Miguel das Missões,Tempestade Local/Convectiva - Granizo,Reconhecido,7421,0,0,0,0,10,0,420,19/01/2024
São Nicolau,Tempestade Local/Convectiva - Chuvas Intensas,Reconhecido,5727,0,0,0,0,0,0,5727,10/05/2024
São Nicolau,Tempestade Local/Convectiva - Vendaval,Reconhecido,5727,0,1,0,0,0,0,500,05/01/2024
São Paulo das Missões,Tempestade Local/Convectiva - Chuvas Intensas,Reconhecido,6367,0,0,0,0,0,0,4,10/05/2024
São Pedro da Serra,Tempestade Local/Convectiva - Chuvas Intensas,Reconhecido,3317,0,1,0,38,40,0,0,04/05/2024
São Pedro das Missões,Tempestade Local/Convectiva - Chuvas Intensas,Reconhecido,1886,0,0,0,0,0,0,1757,03/05/2024
São Pedro do Butiá,Tempestade Local/Convectiva - Chuvas Intensas,Não reconhecido,2873,0,0,0,0,0,0,3070,06/05/2024
São Pedro do Sul,Tempestade Local/Convectiva - Chuvas Intensas,Reconhecido,16371,0,0,2,4,120,0,500,06/05/2024
São Sebastião do Caí,Tempestade Local/Convectiva - Chuvas Intensas,Reconhecido,21944,0,0,0,600,5000,0,18828,05/05/2024
São Sebastião do Caí, Inundações,Registro,21944,3333,0,0,0,0,0,333,03/05/2024
São Sepé,Alagamentos,Registro,23798,0,0,0,0,0,0,0,08/11/2024
São Sepé,Tempestade Local/Convectiva - Chuvas Intensas,Reconhecido,23798,0,10,0,597,206,0,20000,02/05/2024
São Sepé,13211 - Tempestade Local/Convectiva - Tornados,Registro,23798,0,0,0,0,2,0,0,26/03/2024
São Valério do Sul,Tempestade Local/Convectiva - Chuvas Intensas,Reconhecido,2647,0,0,0,0,0,0,2543,07/05/2024
São Valentim,Tempestade Local/Convectiva - Chuvas Intensas,Reconhecido,3632,0,0,0,0,0,0,3264,03/05/2024
São Valentim,Tempestade Local/Convectiva - Vendaval,Registro,3632,0,0,0,0,0,0,0,05/01/2024
São Valentim do Sul,Tempestade Local/Convectiva - Chuvas Intensas,Reconhecido,2168,0,10,0,15,70,1,2207,05/05/2024
São Vendelino,Tempestade Local/Convectiva - Chuvas Intensas,Reconhecido,1944,2,5,0,65,43,0,0,03/05/2024
São Vicente do Sul,Tempestade Local/Convectiva - Vendaval,Registro,8440,0,0,0,0,0,0,18,01/10/2024
São Vicente do Sul,Tempestade Local/Convectiva - Chuvas Intensas,Reconhecido,8440,0,0,0,60,90,0,8290,06/05/2024
São Vicente do Sul,Tempestade Local/Convectiva - Chuvas Intensas,Registro,8440,0,0,0,0,0,0,10,25/04/2024
São Vicente do Sul,Tempestade Local/Convectiva - Vendaval,Registro,8440,0,0,0,0,0,0,0,28/03/2024
São Vicente do Sul,Tempestade Local/Convectiva - Vendaval,Reconhecido,8440,0,0,0,0,0,0,8440,18/01/2024
Sério,Enxurradas,Reconhecido,2281,0,0,0,0,41,0,2240,03/05/2024
Sagrada Família,Tempestade Local/Convectiva - Granizo,Reconhecido,2595,0,0,0,0,0,0,240,27/06/2024
Sagrada Família,Tempestade Local/Convectiva - Chuvas Intensas,Reconhecido,2595,0,0,0,0,16,0,2579,03/05/2024
Saldanha Marinho,Tempestade Local/Convectiva - Granizo,Reconhecido,2869,0,0,0,0,0,0,735,10/10/2024
Saldanha Marinho,Tempestade Local/Convectiva - Chuvas Intensas,Reconhecido,2869,0,0,0,0,0,0,2575,29/05/2024
Salto do Jacuí,Tempestade Local/Convectiva - Chuvas Intensas,Reconhecido,11880,0,0,0,0,120,0,10168,03/05/2024
Salvador das Missões,Tempestade Local/Convectiva - Chuvas Intensas,Reconhecido,2669,0,0,0,0,0,0,2877,09/05/2024
Salvador do Sul,Tempestade Local/Convectiva - Chuvas Intensas,Reconhecido,6747,2,0,0,30,60,0,0,06/05/2024
Sananduva,Tempestade Local/Convectiva - Chuvas Intensas,Registro,15373,0,0,0,0,0,0,0,21/05/2024
Sant`Ana do Livramento,Tempestade Local/Convectiva - Chuvas Intensas,Reconhecido,82513,0,0,0,0,0,0,8703,23/05/2024
Santa Bárbara do Sul,Tempestade Local/Convectiva - Vendaval,Registro,8829,0,0,0,5,0,0,800,02/10/2024
Santa Bárbara do Sul,Tempestade Local/Convectiva - Chuvas Intensas,Reconhecido,8829,0,0,0,0,0,0,8829,28/05/2024
Santa Clara do Sul,Tempestade Local/Convectiva - Chuvas Intensas,Reconhecido,5692,0,1,0,0,60,0,0,30/04/2024
Santa Cruz do Sul,Alagamentos,Reconhecido,118287,1,5,20,272,11603,3,6961,06/05/2024
Santa Margarida do Sul,Tempestade Local/Convectiva - Chuvas Intensas,Reconhecido,2352,0,0,0,0,0,0,2352,03/05/2024
Santa Margarida do Sul,Tempestade Local/Convectiva - Vendaval,Não reconhecido,2352,0,0,0,0,112,0,1500,27/03/2024
Santa Maria,Tempestade Local/Convectiva - Chuvas Intensas,Reconhecido,261027,5,2,0,120,2000,0,269000,02/05/2024
Santa Maria,Tempestade Local/Convectiva - Chuvas Intensas,Registro,261027,0,2,0,0,0,0,271728,21/03/2024
Santa Maria,Tempestade Local/Convectiva - Chuvas Intensas,Reconhecido,261027,0,1,0,0,6,0,271728,17/01/2024
Santa Maria do Herval,Tempestade Local/Convectiva - Chuvas Intensas,Reconhecido,6053,0,0,0,0,0,0,56,16/05/2024
Santa Rosa,Tempestade Local/Convectiva - Chuvas Intensas,Reconhecido,68595,0,0,0,0,0,0,1300,06/05/2024
Santa Rosa,Tempestade Local/Convectiva - Vendaval,Reconhecido,68595,0,0,0,0,0,0,1200,04/01/2024
Santa Tereza, Inundações,Registro,1717,0,0,0,0,68,0,123,21/06/2024
Santa Tereza, Inundações,Registro,1717,0,0,0,0,120,0,310,21/06/2024
Santa Tereza,Tempestade Local/Convectiva - Chuvas Intensas,Reconhecido,1717,0,0,0,0,948,0,557,02/05/2024
Santa Vitória do Palmar,Tempestade Local/Convectiva - Chuvas Intensas,Reconhecido,31002,0,0,0,25,60,0,30917,10/05/2024
Santa Vitória do Palmar,Tempestade Local/Convectiva - Chuvas Intensas,Reconhecido,31002,0,0,0,0,0,0,31002,27/03/2024
Santana da Boa Vista,13211 - Tempestade Local/Convectiva - Tornados,Registro,8244,0,0,0,0,20,0,0,03/12/2024
Santana da Boa Vista,Tempestade Local/Convectiva - Chuvas Intensas,Reconhecido,8244,0,0,0,0,1,0,79,06/12/2024
Santana da Boa Vista,Tempestade Local/Convectiva - Chuvas Intensas,Reconhecido,8244,0,0,0,4,0,0,8240,03/05/2024
Santiago,Tempestade Local/Convectiva - Chuvas Intensas,Reconhecido,49082,0,0,0,6,12,0,49280,04/05/2024
Santo Ângelo,Tempestade Local/Convectiva - Chuvas Intensas,Reconhecido,76304,0,0,0,0,0,0,76304,07/05/2024
Santo Ângelo,Tempestade Local/Convectiva - Chuvas Intensas,Reconhecido,76304,0,0,0,0,0,0,15000,25/01/2024
Santo Antônio da Patrulha,Tempestade Local/Convectiva - Chuvas Intensas,Reconhecido,39679,0,0,0,0,0,0,9886,09/05/2024
Santo Antônio da Patrulha,Tempestade Local/Convectiva - Chuvas Intensas,Registro,39679,0,0,0,0,0,0,0,26/03/2024
Santo Antônio da Patrulha,Tempestade Local/Convectiva - Vendaval,Não reconhecido,39679,0,0,0,0,0,0,154,22/01/2024
Santo Antônio da Patrulha,Tempestade Local/Convectiva - Chuvas Intensas,Registro,39679,0,0,0,0,0,0,0,11/01/2024
Santo Antônio da Patrulha,Tempestade Local/Convectiva - Chuvas Intensas,Registro,39679,0,0,0,0,18,0,0,11/01/2024
Santo Antônio das Missões,Tempestade Local/Convectiva - Vendaval,Registro,11210,0,0,0,0,0,0,520,19/06/2024
Santo Antônio do Palma,Tempestade Local/Convectiva - Chuvas Intensas,Reconhecido,2139,0,0,0,0,6,0,2133,06/05/2024
Santo Augusto,Tempestade Local/Convectiva - Chuvas Intensas,Reconhecido,13970,0,0,0,0,0,0,13970,03/05/2024
Santo Cristo,Tempestade Local/Convectiva - Chuvas Intensas,Reconhecido,14378,0,0,0,0,0,0,15320,06/05/2024
Santo Expedito do Sul,Tempestade Local/Convectiva - Chuvas Intensas,Reconhecido,2461,0,0,0,0,0,0,2461,06/05/2024
Santo Expedito do Sul,Tempestade Local/Convectiva - Chuvas Intensas,Reconhecido,2461,0,0,0,0,0,0,2349,22/01/2024
Sapiranga,Tempestade Local/Convectiva - Chuvas Intensas,Reconhecido,75020,0,0,0,55,273,0,2500,05/05/2024
Sapucaia do Sul,Tempestade Local/Convectiva - Chuvas Intensas,Reconhecido,130988,0,0,0,550,5000,0,56000,05/05/2024
Sarandi,Tempestade Local/Convectiva - Chuvas Intensas,Reconhecido,21312,0,0,0,35,845,0,20432,03/05/2024
Seberi,Tempestade Local/Convectiva - Chuvas Intensas,Reconhecido,10902,0,0,0,20,60,0,11870,03/05/2024
Sede Nova,Tempestade Local/Convectiva - Chuvas Intensas,Reconhecido,3011,0,0,0,0,0,0,0,06/05/2024
Sede Nova,Tempestade Local/Convectiva - Vendaval,Reconhecido,3011,0,0,0,0,25,0,367,02/01/2024
Segredo,Tempestade Local/Convectiva - Granizo,Reconhecido,7158,0,0,0,0,0,0,1156,25/06/2024
Segredo,Tempestade Local/Convectiva - Chuvas Intensas,Reconhecido,7158,0,0,0,0,0,0,6009,03/05/2024
Selbach,Alagamentos,Reconhecido,4929,0,0,0,0,0,0,0,06/05/2024
Senador Salgado Filho,Tempestade Local/Convectiva - Chuvas Intensas,Reconhecido,2814,0,0,0,0,0,0,2673,06/05/2024
Sentinela do Sul,Tempestade Local/Convectiva - Chuvas Intensas,Reconhecido,5197,0,0,0,4,0,0,687,04/05/2024
Serafina Corrêa,Tempestade Local/Convectiva - Chuvas Intensas,Não reconhecido,14243,2,3,0,0,76,0,17993,11/06/2024
Serafina Corrêa,Tempestade Local/Convectiva - Chuvas Intensas,Reconhecido,14243,2,3,0,106,466,1,16383,02/05/2024
Sertão,Tempestade Local/Convectiva - Chuvas Intensas,Reconhecido,6294,0,0,0,0,0,0,6294,06/05/2024
Sertão Santana,Tempestade Local/Convectiva - Chuvas Intensas,Reconhecido,5850,0,0,0,500,3,0,1800,07/05/2024
Sete de Setembro,Tempestade Local/Convectiva - Chuvas Intensas,Reconhecido,2126,0,0,0,0,0,0,1830,10/05/2024
Severiano de Almeida,Tempestade Local/Convectiva - Chuvas Intensas,Reconhecido,3842,0,0,0,0,180,0,3662,03/05/2024
Silveira Martins,Tempestade Local/Convectiva - Chuvas Intensas,Reconhecido,2452,1,0,0,24,200,0,2227,07/05/2024
Sinimbu,Tempestade Local/Convectiva - Chuvas Intensas,Reconhecido,10067,0,0,0,800,1200,0,6578,01/05/2024
Sinimbu,Tempestade Local/Convectiva - Vendaval,Reconhecido,10067,0,0,0,0,0,0,8578,21/01/2024
Sobradinho,Tempestade Local/Convectiva - Chuvas Intensas,Reconhecido,14285,0,0,0,510,140,0,13576,06/05/2024
Sobradinho,Tempestade Local/Convectiva - Chuvas Intensas,Registro,14285,0,0,0,0,0,0,633,14/02/2024
Soledade,Tempestade Local/Convectiva - Vendaval,Registro,30065,0,0,0,0,0,0,84,26/09/2024
Soledade,Tempestade Local/Convectiva - Chuvas Intensas,Reconhecido,30065,0,0,0,15,25,0,30025,03/05/2024
Soledade,Tempestade Local/Convectiva - Vendaval,Registro,30065,0,0,0,0,0,0,4800,22/03/2024
Tabaí,Tempestade Local/Convectiva - Chuvas Intensas,Reconhecido,4131,0,0,0,0,0,0,50,01/05/2024
Tabaí,Enxurradas,Reconhecido,4131,0,0,0,0,0,0,56,24/01/2024
Tapera,Tempestade Local/Convectiva - Chuvas Intensas,Reconhecido,10452,0,0,0,26,10,0,0,06/05/2024
Tapes,Tempestade Local/Convectiva - Chuvas Intensas,Reconhecido,16649,0,0,0,72,608,0,2320,17/05/2024
Taquara,Tempestade Local/Convectiva - Chuvas Intensas,Reconhecido,54656,2,0,0,439,8800,0,6747,06/05/2024
Taquara,Tempestade Local/Convectiva - Vendaval,Reconhecido,54656,0,0,0,0,104,0,10000,19/01/2024
Taquari,Tempestade Local/Convectiva - Chuvas Intensas,Reconhecido,26135,0,0,0,90,894,0,24214,01/05/2024
Taquaruçu do Sul,Tempestade Local/Convectiva - Chuvas Intensas,Reconhecido,2970,0,0,0,0,15,0,3104,03/05/2024
Tavares,Tempestade Local/Convectiva - Chuvas Intensas,Reconhecido,5351,0,0,0,0,6,0,556,03/10/2024
Tavares,Alagamentos,Reconhecido,5351,0,0,0,0,0,0,1800,09/05/2024
Tenente Portela,Tempestade Local/Convectiva - Chuvas Intensas,Reconhecido,13716,0,0,0,0,12,0,13704,06/05/2024
Tenente Portela,Tempestade Local/Convectiva - Vendaval,Reconhecido,13716,0,0,0,0,80,0,14417,03/01/2024
Terra de Areia,Tempestade Local/Convectiva - Chuvas Intensas,Reconhecido,9878,0,0,0,0,40,0,100,21/05/2024
Teutônia,Tempestade Local/Convectiva - Chuvas Intensas,Reconhecido,27265,0,0,0,21,250,3,0,01/05/2024
Teutônia,Tempestade Local/Convectiva - Vendaval,Não reconhecido,27265,0,0,0,0,3,0,84,17/01/2024
Tio Hugo,Tempestade Local/Convectiva - Chuvas Intensas,Reconhecido,2724,0,0,0,0,0,0,3267,23/06/2024
Tiradentes do Sul,Tempestade Local/Convectiva - Chuvas Intensas,Reconhecido,6461,0,0,0,0,0,0,6461,04/05/2024
Toropi,Tempestade Local/Convectiva - Chuvas Intensas,Reconhecido,2952,0,0,0,0,11,0,0,04/05/2024
Torres,Tempestade Local/Convectiva - Chuvas Intensas,Reconhecido,34646,0,4,0,0,6,0,60,02/05/2024
Três Arroios,Tempestade Local/Convectiva - Chuvas Intensas,Reconhecido,2855,0,0,0,0,11,0,2580,06/05/2024
Três Cachoeiras,Tempestade Local/Convectiva - Chuvas Intensas,Reconhecido,10239,0,0,0,0,0,0,0,07/05/2024
Três Coroas,Tempestade Local/Convectiva - Chuvas Intensas,Reconhecido,23855,3,0,0,1120,18200,0,0,05/05/2024
Três de Maio,Tempestade Local/Convectiva - Chuvas Intensas,Reconhecido,23726,0,0,0,0,0,0,1900,27/05/2024
Três de Maio,Enxurradas,Não reconhecido,23726,0,0,0,0,8,0,23718,07/05/2024
Três Forquilhas,Tempestade Local/Convectiva - Chuvas Intensas,Reconhecido,2912,0,0,0,0,384,0,508,05/05/2024
Três Palmeiras,Tempestade Local/Convectiva - Chuvas Intensas,Reconhecido,4381,0,0,0,0,0,0,4617,03/05/2024
Três Palmeiras,Tempestade Local/Convectiva - Vendaval,Reconhecido,4381,0,0,0,0,30,0,4686,03/01/2024
Três Passos,Tempestade Local/Convectiva - Chuvas Intensas,Reconhecido,23973,0,0,0,0,0,0,25436,04/05/2024
Tramandaí,Tempestade Local/Convectiva - Vendaval,Registro,41655,0,0,0,0,0,0,6,14/10/2024
Travesseiro,Tempestade Local/Convectiva - Chuvas Intensas,Reconhecido,2314,2,20,3,40,350,1,2152,03/05/2024
Trindade do Sul,Tempestade Local/Convectiva - Chuvas Intensas,Reconhecido,5787,0,0,0,0,24,0,5763,03/05/2024
Triunfo,Tempestade Local/Convectiva - Chuvas Intensas,Reconhecido,25811,0,0,0,937,8000,0,18561,07/05/2024
Tucunduva,Tempestade Local/Convectiva - Chuvas Intensas,Reconhecido,5901,0,0,0,0,0,0,5901,03/05/2024
Tunas,Tempestade Local/Convectiva - Chuvas Intensas,Reconhecido,4395,0,0,0,0,120,0,3561,06/05/2024
Tupanciretã,Tempestade Local/Convectiva - Chuvas Intensas,Reconhecido,22286,0,0,0,1,46,0,19958,04/05/2024
Tupandi,Tempestade Local/Convectiva - Chuvas Intensas,Reconhecido,3919,0,0,0,0,50,0,4979,02/05/2024
Tuparendi,Tempestade Local/Convectiva - Chuvas Intensas,Reconhecido,8557,0,0,0,0,0,0,8557,06/05/2024
Turuçu,Tempestade Local/Convectiva - Chuvas Intensas,Reconhecido,3522,0,0,0,0,0,0,1400,15/05/2024
Ubiretama,Tempestade Local/Convectiva - Chuvas Intensas,Reconhecido,2296,0,0,0,0,0,0,2296,06/05/2024
União da Serra,Tempestade Local/Convectiva - Chuvas Intensas,Reconhecido,1487,0,0,0,0,0,0,1080,04/05/2024
Uruguaiana, Inundações,Reconhecido,125507,0,0,0,297,1836,0,1200,07/05/2024
Uruguaiana,Tempestade Local/Convectiva - Chuvas Intensas,Reconhecido,125507,0,0,0,0,0,0,3360,16/03/2024
Vacaria,Tempestade Local/Convectiva - Granizo,Registro,61345,0,0,0,0,0,0,0,13/09/2024
Vacaria,Tempestade Local/Convectiva - Chuvas Intensas,Reconhecido,61345,0,0,0,0,0,0,64817,07/05/2024
Vacaria,Tempestade Local/Convectiva - Chuvas Intensas,Registro,61345,0,0,0,0,10,0,0,14/05/2024
Vacaria,Tempestade Local/Convectiva - Vendaval,Registro,61345,0,0,0,0,0,0,0,19/01/2024
Vacaria,Tempestade Local/Convectiva - Vendaval,Registro,61345,0,0,0,0,0,0,0,19/01/2024
Vale do Sol,Tempestade Local/Convectiva - Chuvas Intensas,Reconhecido,11077,1,0,0,16,300,0,2000,03/05/2024
Vale do Sol,Tempestade Local/Convectiva - Vendaval,Reconhecido,11077,0,0,0,0,0,0,1200,23/01/2024
Vale Real,Tempestade Local/Convectiva - Chuvas Intensas,Reconhecido,5121,0,10,0,300,1200,0,4548,04/05/2024
Vale Verde,Tempestade Local/Convectiva - Chuvas Intensas,Reconhecido,3253,0,0,0,0,73,0,1613,28/05/2024
Vale Verde, Inundações,Reconhecido,3253,0,0,0,100,0,0,1300,03/05/2024
Vanini,Tempestade Local/Convectiva - Granizo,Registro,1984,0,0,0,0,0,0,100,09/01/2024
Venâncio Aires,Tempestade Local/Convectiva - Chuvas Intensas,Reconhecido,65964,2,19,0,391,23235,0,0,04/05/2024
Venâncio Aires,Tempestade Local/Convectiva - Vendaval,Não reconhecido,65964,0,0,0,0,0,0,0,26/01/2024
Vera Cruz,Tempestade Local/Convectiva - Chuvas Intensas,Registro,23986,0,200,0,200,2000,3,24317,27/12/2024
Vera Cruz,Tempestade Local/Convectiva - Chuvas Intensas,Reconhecido,23986,0,200,0,150,2000,0,24320,01/05/2024
Veranópolis,Tempestade Local/Convectiva - Chuvas Intensas,Reconhecido,22815,5,21,0,146,348,1,22815,06/05/2024
Vespasiano Correa,Tempestade Local/Convectiva - Chuvas Intensas,Reconhecido,1974,0,12,0,0,126,0,1680,03/05/2024
Viadutos,Tempestade Local/Convectiva - Chuvas Intensas,Reconhecido,5311,0,0,0,0,15,0,4754,06/05/2024
Viamão,Tempestade Local/Convectiva - Chuvas Intensas,Reconhecido,239234,0,0,0,11,378,0,0,10/05/2024
Viamão,Tempestade Local/Convectiva - Chuvas Intensas,Registro,239234,0,0,0,11,378,0,0,09/05/2024
Vicente Dutra,Tempestade Local/Convectiva - Chuvas Intensas,Reconhecido,5285,0,0,0,0,36,0,5249,03/05/2024
Victor Graeff,Enxurradas,Registro,3036,0,0,0,0,3,0,0,06/05/2024
Victor Graeff,Tempestade Local/Convectiva - Chuvas Intensas,Reconhecido,3036,0,0,0,0,3,0,3033,08/05/2024
Vila Flores,Enxurradas,Reconhecido,3207,0,0,0,0,0,0,200,04/05/2024
Vila Maria,Tempestade Local/Convectiva - Chuvas Intensas,Reconhecido,4221,0,0,0,60,25,0,0,04/05/2024
Vila Nova do Sul,Tempestade Local/Convectiva - Chuvas Intensas,Reconhecido,4221,0,0,0,0,7,0,250,06/05/2024
Vila Nova do Sul,Tempestade Local/Convectiva - Vendaval,Registro,4221,0,0,0,0,6,0,0,25/03/2024
Vista Alegre,Tempestade Local/Convectiva - Chuvas Intensas,Reconhecido,2832,0,0,0,0,0,0,2832,05/05/2024
Vista Alegre,Enxurradas,Registro,2832,0,0,0,0,0,0,0,20/03/2024
Vista Alegre do Prata,Tempestade Local/Convectiva - Chuvas Intensas,Registro,1569,0,2,0,5,17,0,0,03/05/2024
Vista Alegre do Prata,Tempestade Local/Convectiva - Chuvas Intensas,Reconhecido,1569,0,2,0,5,17,0,0,03/05/2024
Vista Gaúcha,Tempestade Local/Convectiva - Chuvas Intensas,Reconhecido,2759,0,0,0,0,56,0,2727,06/05/2024
Vitória das Missões,Tempestade Local/Convectiva - Chuvas Intensas,Reconhecido,3485,0,0,0,0,0,0,3485,07/05/2024
Vitória das Missões,Tempestade Local/Convectiva - Granizo,Não reconhecido,3485,0,0,0,0,31,0,99,17/01/2024
Westfalia,Tempestade Local/Convectiva - Chuvas Intensas,Reconhecido,2793,0,0,0,0,87,0,2706,06/05/2024
